host,phase,id,kernel,affinity,mode,offload_profile,protocol,family,parallel,reverse,repeat,measured_seconds,warmup_seconds,rate,payload,target_mbps,sender_mbps,sender_below_target,mbps,mss,retransmits,loss_percent,client_reported_loss_percent,receiver_local_loss_percent,loss_source,packets,lost_packets,receiver_bytes,receiver_count_consistent,client_reported_packets,jitter_ms,whole_cpu_percent,busy_cores,softirq_cores,steal_percent,tcp_loaded_p95_ms,udp_loaded_p95_ms,latency_errors,cc,start,finish
hk-b,fixed,jooloff-v6-p4-fwd-r1,6.1.0-52-cloud-amd64,0,jooloff,,tcp,6,4,False,1,20,3,250M,,1000.0,999.92017375167,False,999.9144242546544,1428,0,,,,,,,,,,,23.19778188539741,0.23197781885397412,0.11783733826247689,0.04621072088724584,0.17416197806596756,0.2195020206272602,0,"bbr,bbr",1791234510.7098799,1791234533.7318707
hk-b,fixed,realm-v6-p4-fwd-r1,6.1.0-52-cloud-amd64,0,realm,,tcp,6,4,False,1,20,3,250M,,1000.0,999.920973686929,False,999.8882273835029,1428,0,,,,,,,,,,,7.4316939890710385,0.07431693989071038,0.017486338797814208,0.0546448087431694,0.21305307745933533,0.30612293630838394,0,"bbr,bbr",1791234534.6358886,1791234557.6594617
hk-b,fixed,jool300-v6-p4-fwd-r1,6.1.0-52-cloud-amd64,0,jool300,,tcp,6,4,False,1,20,3,250M,,1000.0,999.9200237639513,False,999.996685608286,1428,0,,,,,,,,,,,36.413271734565306,0.36413271734565306,0.1969760604787904,0.08399832003359933,0.49849413335323334,0.3743828274309635,0,"bbr,bbr",1791234558.6444006,1791234581.6660805
hk-b,fixed,jooloff-v4-p4-fwd-r1,6.1.0-52-cloud-amd64,0,jooloff,,tcp,4,4,False,1,20,3,250M,,1000.0,999.9195738010654,False,999.9161240990614,1428,3,,,,,,,,,,,23.529411764705884,0.23529411764705885,0.10661764705882354,0.04595588235294118,0.21791178733110428,0.18677208572626114,0,"bbr,bbr",1791234582.6123977,1791234605.6347814
hk-b,fixed,realm-v4-p4-fwd-r1,6.1.0-52-cloud-amd64,0,realm,,tcp,4,4,False,1,20,3,250M,,1000.0,999.9168240366738,False,999.912974391933,1448,0,,,,,,,,,,,23.673281033687125,0.23673281033687124,0.07568066451315182,0.0,0.2208920195698738,0.6980057805776596,0,"bbr,bbr",1791234606.548055,1791234629.5708818
hk-b,fixed,jool300-v4-p4-fwd-r1,6.1.0-52-cloud-amd64,0,jool300,,tcp,4,4,False,1,20,3,250M,,1000.0,999.9302230313177,False,1000.0181894781306,1428,0,,,,,,,,,,,25.43323139653415,0.2543323139653415,0.16819571865443425,0.0509683995922528,0.3015431575477123,0.41910307481884956,0,"bbr,bbr",1791234630.5203922,1791234653.5419843
hk-b,full,nft-v6-p1-fwd-r1,6.1.0-52-cloud-amd64,0,nft,,tcp,6,1,False,1,20,3,,,,14192.930902638576,False,14190.541836738063,1428,25,,,,,,,,,,,100.0,1.0,0.5777554101660796,0.0,1.1411402374505997,1.273350790143013,0,"bbr,bbr",1791232004.5826006,1791232027.5989685
hk-b,full,nft-v6-p1-rev-r1,6.1.0-52-cloud-amd64,0,nft,,tcp,6,1,True,1,20,3,,,,14589.606969024746,False,14591.417842763383,1428,13,,,,,,,,,,,99.9496475327291,0.999496475327291,0.5855991943605237,0.050352467270896276,1.026448793709278,1.0851998813450336,0,"bbr,bbr",1791232028.508368,1791232051.5224884
hk-b,full,nft-v6-p4-fwd-r1,6.1.0-52-cloud-amd64,0,nft,,tcp,6,4,False,1,20,3,,,,14474.5838357995,False,14477.236694933446,1428,69345,,,,,,,,,,,98.93992932862191,0.9893992932862191,0.4235234729934377,0.05047955577990914,2.0799790509045124,1.6578049398958683,0,"bbr,bbr",1791232052.43241,1791232075.4553828
hk-b,full,nft-v6-p4-rev-r1,6.1.0-52-cloud-amd64,0,nft,,tcp,6,4,True,1,20,3,,,,14414.917492930683,False,14424.205662429169,1428,37806,,,,,,,,,,,99.5969773299748,0.995969773299748,0.5007556675062973,0.05037783375314862,2.3035909980535507,1.443473156541586,0,"bbr,bbr",1791232076.3703141,1791232099.3962436
hk-b,full,nft-v4-p1-fwd-r1,6.1.0-52-cloud-amd64,0,nft,,tcp,4,1,False,1,20,3,,,,17945.537832238853,False,17936.71389801604,1448,7,,,,,,,,,,,99.9496728736789,0.9994967287367891,0.47357825868142933,0.050327126321087066,0.7084468379616737,0.8667968213558197,0,"bbr,bbr",1791232100.302221,1791232123.3184063
hk-b,full,nft-v4-p1-rev-r1,6.1.0-52-cloud-amd64,0,nft,,tcp,4,1,True,1,20,3,,,,15232.758638979727,False,15234.575233635818,1448,14,,,,,,,,,,,100.0,1.0,0.563097033685269,0.0,1.255611889064312,1.1609396897256374,0,"bbr,bbr",1791232124.2284057,1791232147.2429647
hk-b,full,nft-v4-p4-fwd-r1,6.1.0-52-cloud-amd64,0,nft,,tcp,4,4,False,1,20,3,,,,16291.795708054167,False,16283.93982564242,1448,54833,,,,,,,,,,,99.5959595959596,0.9959595959595959,0.45,0.0,1.3705519959330559,1.0608290322124958,0,"bbr,bbr",1791232148.1514134,1791232171.173052
hk-b,full,nft-v4-p4-rev-r1,6.1.0-52-cloud-amd64,0,nft,,tcp,4,4,True,1,20,3,,,,16250.473098902678,False,16236.914312142892,1448,101225,,,,,,,,,,,99.19151086407277,0.9919151086407276,0.4133400707427994,0.050530570995452245,1.2578521855175495,1.1507007293403149,0,"bbr,bbr",1791232172.0843973,1791232195.1176903
hk-b,full,jooloff-v6-p1-fwd-r1,6.1.0-52-cloud-amd64,0,jooloff,,tcp,6,1,False,1,20,3,,,,10117.15300854555,False,10115.210891925368,1428,25,,,,,,,,,,,99.94959677419355,0.9994959677419355,0.670866935483871,0.05040322580645161,0.9039491415023804,1.0871798731386662,0,"bbr,bbr",1791232196.029738,1791232219.0468886
hk-b,full,realm-v6-p1-fwd-r1,6.1.0-52-cloud-amd64,0,realm,,tcp,6,1,False,1,20,3,,,,10318.142612139181,False,10305.705410491133,1428,329,,,,,,,,,,,99.84947315604616,0.9984947315604615,0.35373808329152034,0.050175614651279475,9.998081251978874,12.11475906893611,0,"bbr,bbr",1791232219.9480197,1791232242.975067
hk-b,full,jool300-v6-p1-fwd-r1,6.1.0-52-cloud-amd64,0,jool300,,tcp,6,1,False,1,20,3,,,,286.7013265349592,False,286.7057075481863,1428,0,,,,,,,,,,,12.022703818369454,0.12022703818369454,0.07275541795665634,0.0,0.17537083476781845,0.2240021713078022,0,"bbr,bbr",1791232243.941915,1791232266.9558804
hk-b,full,jooloff-v6-p1-rev-r1,6.1.0-52-cloud-amd64,0,jooloff,,tcp,6,1,True,1,20,3,,,,10728.262561226873,False,10729.082990001649,1428,15,,,,,,,,,,,100.0,1.0,0.6819325616507298,0.0,1.275541726499796,0.9101289324462414,0,"bbr,bbr",1791232267.9267201,1791232290.941152
hk-b,full,realm-v6-p1-rev-r1,6.1.0-52-cloud-amd64,0,realm,,tcp,6,1,True,1,20,3,,,,10445.0445088103,False,10448.376885456464,1428,361,,,,,,,,,,,100.0,1.0,0.4236180904522613,0.0,8.569207973778248,9.269523900002241,0,"bbr,bbr",1791232291.8603907,1791232314.8796937
hk-b,full,jool300-v6-p1-rev-r1,6.1.0-52-cloud-amd64,0,jool300,,tcp,6,1,True,1,20,3,,,,282.9930878942302,False,282.87268972361386,1428,0,,,,,,,,,,,12.782340862422998,0.12782340862422997,0.07392197125256673,0.0,0.22114207968115807,0.2041109837591648,0,"bbr,bbr",1791232315.824292,1791232338.839242
hk-b,full,jooloff-v6-p4-fwd-r1,6.1.0-52-cloud-amd64,0,jooloff,,tcp,6,4,False,1,20,3,,,,10174.344733239808,False,10173.295692966241,1428,107612,,,,,,,,,,,98.63567458312279,0.9863567458312279,0.5715007579585649,0.0,1.5876749530434608,3.270179033279419,0,"bbr,bbr",1791232339.7803602,1791232362.814283
hk-b,full,realm-v6-p4-fwd-r1,6.1.0-52-cloud-amd64,0,realm,,tcp,6,4,False,1,20,3,,,,9343.565931920179,False,9342.90379238165,1428,59207,,,,,,,,,,,90.8675799086758,0.9086757990867579,0.32267884322678847,0.050735667174023336,19.782111048698425,16.83962205424905,0,"bbr,bbr",1791232363.7203522,1791232386.7506948
hk-b,full,jool300-v6-p4-fwd-r1,6.1.0-52-cloud-amd64,0,jool300,,tcp,6,4,False,1,20,3,,,,1134.034322386271,False,1133.4399612572809,1428,0,,,,,,,,,,,37.265822784810126,0.37265822784810126,0.24658227848101266,0.10126582278481013,0.22515235468745232,0.37074415013194084,0,"bbr,bbr",1791232387.6863184,1791232410.7138026
hk-b,full,jooloff-v6-p4-rev-r1,6.1.0-52-cloud-amd64,0,jooloff,,tcp,6,4,True,1,20,3,,,,10543.671914014061,False,10541.536463908931,1428,116645,,,,,,,,,,,98.58657243816255,0.9858657243816255,0.5648662291771832,0.05047955577990914,6.704139988869429,2.1053096279501915,0,"bbr,bbr",1791232411.6721349,1791232434.7020795
hk-b,full,realm-v6-p4-rev-r1,6.1.0-52-cloud-amd64,0,realm,,tcp,6,4,True,1,20,3,,,,9804.01319245758,False,9803.98161771636,1428,42832,,,,,,,,,,,95.50277918140475,0.9550277918140475,0.34411318847902983,0.0,8.249465376138687,10.24109311401844,0,"bbr,bbr",1791232435.5963397,1791232458.62987
hk-b,full,jool300-v6-p4-rev-r1,6.1.0-52-cloud-amd64,0,jool300,,tcp,6,4,True,1,20,3,,,,1126.0876293398817,False,1125.59923224238,1428,0,,,,,,,,,,,38.3130081300813,0.383130081300813,0.2530487804878049,0.0508130081300813,0.20173238590359688,0.44195400550961494,0,"bbr,bbr",1791232459.5761535,1791232482.6078577
hk-b,full,jooloff-v4-p1-fwd-r1,6.1.0-52-cloud-amd64,0,jooloff,,tcp,4,1,False,1,20,3,,,,10092.363315873865,False,10090.451988043242,1428,19,,,,,,,,,,,99.94962216624685,0.9994962216624685,0.6806045340050377,0.05037783375314862,0.9164880029857159,0.9258678182959557,0,"bbr,bbr",1791232483.5665257,1791232506.5906298
hk-b,full,realm-v4-p1-fwd-r1,6.1.0-52-cloud-amd64,0,realm,,tcp,4,1,False,1,20,3,,,,10425.953497106506,False,10431.235418602693,1448,341,,,,,,,,,,,99.94972347913524,0.9994972347913524,0.40774258421317244,0.05027652086475616,8.664288092404604,8.5290870629251,0,"bbr,bbr",1791232507.50436,1791232530.534671
hk-b,full,jool300-v4-p1-fwd-r1,6.1.0-52-cloud-amd64,0,jool300,,tcp,4,1,False,1,20,3,,,,283.2313563671171,False,282.84521792451875,1428,0,,,,,,,,,,,12.365315546434068,0.12365315546434069,0.07337095946639302,0.051308363263211906,0.41328277438879013,0.221962109208107,0,"bbr,bbr",1791232531.4843602,1791232554.4996686
hk-b,full,jooloff-v4-p1-rev-r1,6.1.0-52-cloud-amd64,0,jooloff,,tcp,4,1,True,1,20,3,,,,9811.14472421368,False,9812.6820094046,1428,17,,,,,,,,,,,100.0,1.0,0.6858006042296073,0.0,0.8970280177891254,0.9391899220645428,0,"bbr,bbr",1791232555.4363542,1791232578.4509325
hk-b,full,realm-v4-p1-rev-r1,6.1.0-52-cloud-amd64,0,realm,,tcp,4,1,True,1,20,3,,,,10225.583740753065,False,10231.35767195328,1448,449,,,,,,,,,,,100.0,1.0,0.3561368209255533,0.0,11.014970950782299,10.152741800993681,0,"bbr,bbr",1791232579.3840425,1791232602.4014442
hk-b,full,jool300-v4-p1-rev-r1,6.1.0-52-cloud-amd64,0,jool300,,tcp,4,1,True,1,20,3,,,,286.64411420905327,False,286.64800867599564,1428,0,,,,,,,,,,,13.238289205702648,0.13238289205702647,0.0829938900203666,0.10183299389002037,0.20980229601264,0.21815206855535507,0,"bbr,bbr",1791232603.372436,1791232626.3850484
hk-b,full,jooloff-v4-p4-fwd-r1,6.1.0-52-cloud-amd64,0,jooloff,,tcp,4,4,False,1,20,3,,,,10659.140141408869,False,10641.719174645794,1428,122195,,,,,,,,,,,99.04088844018173,0.9904088844018173,0.5815244825845532,0.0,4.594011232256889,2.37274169921875,0,"bbr,bbr",1791232627.3524377,1791232650.3796463
hk-b,full,realm-v4-p4-fwd-r1,6.1.0-52-cloud-amd64,0,realm,,tcp,4,4,False,1,20,3,,,,8120.150636723492,False,8111.31903109622,1448,85680,,,,,,,,,,,83.43527013251784,0.8343527013251785,0.3312945973496432,0.0509683995922528,23.0931187979877,19.014741759747267,0,"bbr,bbr",1791232651.2880697,1791232674.3360894
hk-b,full,jool300-v4-p4-fwd-r1,6.1.0-52-cloud-amd64,0,jool300,,tcp,4,4,False,1,20,3,,,,1120.4883758290684,False,1120.1761304514455,1428,0,,,,,,,,,,,38.645621181262726,0.38645621181262724,0.25967413441955195,0.05091649694501019,0.22637192159891129,0.26129186153411865,0,"bbr,bbr",1791232675.2880456,1791232698.3122504
hk-b,full,jooloff-v4-p4-rev-r1,6.1.0-52-cloud-amd64,0,jooloff,,tcp,4,4,True,1,20,3,,,,10318.555109297422,False,10326.769336412122,1428,108886,,,,,,,,,,,98.48484848484848,0.9848484848484849,0.5843434343434343,0.0,6.919623352587223,5.294407717883587,0,"bbr,bbr",1791232699.2658365,1791232722.2990444
hk-b,full,realm-v4-p4-rev-r1,6.1.0-52-cloud-amd64,0,realm,,tcp,4,4,True,1,20,3,,,,8467.662875646489,False,8457.816653246044,1448,54713,,,,,,,,,,,92.03450025367833,0.9203450025367833,0.37950279046169455,0.050735667174023336,31.199312768876553,19.672999158501625,0,"bbr,bbr",1791232723.2030926,1791232746.2342327
hk-b,full,jool300-v4-p4-rev-r1,6.1.0-52-cloud-amd64,0,jool300,,tcp,4,4,True,1,20,3,,,,1136.0231946392043,False,1135.2172735217273,1428,0,,,,,,,,,,,36.812627291242364,0.36812627291242367,0.24898167006109978,0.05091649694501019,0.20148232579231262,0.27141207829117775,0,"bbr,bbr",1791232747.1722174,1791232770.1997848
hk-b,full,realm-v6-p4-fwd-r2,6.1.0-52-cloud-amd64,0,realm,,tcp,6,4,False,2,20,3,,,,7755.285079173395,False,7752.18350856057,1428,101603,,,,,,,,,,,87.99593082400814,0.8799593082400814,0.3748728382502543,0.0,24.7913240455091,14.99909721314907,0,"bbr,bbr",1791232771.1431298,1791232794.176698
hk-b,full,jool300-v6-p4-fwd-r2,6.1.0-52-cloud-amd64,0,jool300,,tcp,6,4,False,2,20,3,,,,1135.2932502360748,False,1135.0082116768249,1428,0,,,,,,,,,,,36.47959183673469,0.3647959183673469,0.23877551020408164,0.10204081632653061,0.2085622400045395,0.2835136838257313,0,"bbr,bbr",1791232795.1178458,1791232818.1387553
hk-b,full,jooloff-v6-p4-fwd-r2,6.1.0-52-cloud-amd64,0,jooloff,,tcp,6,4,False,2,20,3,,,,9739.97473451461,False,9723.425660764842,1428,47738,,,,,,,,,,,99.64806435394671,0.9964806435394671,0.6480643539467068,0.05027652086475616,7.598609197884798,3.3611003309488297,0,"bbr,bbr",1791232819.0790539,1791232842.1002996
hk-b,full,realm-v4-p4-fwd-r2,6.1.0-52-cloud-amd64,0,realm,,tcp,4,4,False,2,20,3,,,,8444.388177320396,False,8441.697374358493,1448,57776,,,,,,,,,,,88.42639593908629,0.8842639593908629,0.34111675126903557,0.0,13.174919877201319,12.600915040820837,0,"bbr,bbr",1791232843.011799,1791232866.0455503
hk-b,full,jool300-v4-p4-fwd-r2,6.1.0-52-cloud-amd64,0,jool300,,tcp,4,4,False,2,20,3,,,,1120.6382853192017,False,1120.4398303398748,1428,0,,,,,,,,,,,36.75564681724846,0.3675564681724846,0.2428131416837782,0.1540041067761807,0.2264510840177536,0.2982630394399166,0,"bbr,bbr",1791232867.026922,1791232890.055168
hk-b,full,jooloff-v4-p4-fwd-r2,6.1.0-52-cloud-amd64,0,jooloff,,tcp,4,4,False,2,20,3,,,,10181.183352437374,False,10169.728729606395,1428,90979,,,,,,,,,,,98.58514401212734,0.9858514401212735,0.5765538150581101,0.0,4.7181230038404465,5.880613811314106,0,"bbr,bbr",1791232891.0323825,1791232914.0599568
hk-b,full,jooloff-v6-p4-fwd-r3,6.1.0-52-cloud-amd64,0,jooloff,,tcp,6,4,False,3,20,3,,,,10345.66978117384,False,10334.244734031574,1428,133313,,,,,,,,,,,98.83720930232558,0.9883720930232558,0.5824064711830131,0.05055611729019211,9.716778993606567,3.1982879154384136,0,"bbr,bbr",1791232915.0003839,1791232938.033264
hk-b,full,realm-v6-p4-fwd-r3,6.1.0-52-cloud-amd64,0,realm,,tcp,6,4,False,3,20,3,,,,8660.71648044874,False,8667.91804522398,1428,77911,,,,,,,,,,,91.07052257737189,0.9107052257737189,0.3622526636225266,0.050735667174023336,48.09167608618736,19.56966705620289,0,"bbr,bbr",1791232938.9739711,1791232961.9991848
hk-b,full,jool300-v6-p4-fwd-r3,6.1.0-52-cloud-amd64,0,jool300,,tcp,6,4,False,3,20,3,,,,1139.5769191403301,False,1139.623798444531,1428,0,,,,,,,,,,,37.687145069695404,0.37687145069695405,0.24677336086732057,0.05162622612287042,0.2158316783607006,0.3970842808485031,0,"bbr,bbr",1791232962.9910011,1791232986.0154521
hk-b,full,jooloff-v4-p4-fwd-r3,6.1.0-52-cloud-amd64,0,jooloff,,tcp,4,4,False,3,20,3,,,,10368.914160093615,False,10382.26379722812,1428,111194,,,,,,,,,,,99.29399899142713,0.9929399899142713,0.5774079677256682,0.05042864346949067,2.172810025513172,1.2299618683755398,0,"bbr,bbr",1791232986.991888,1791233010.0163097
hk-b,full,realm-v4-p4-fwd-r3,6.1.0-52-cloud-amd64,0,realm,,tcp,4,4,False,3,20,3,,,,9917.844050443195,False,9911.68399006135,1448,25531,,,,,,,,,,,93.26582278481013,0.9326582278481013,0.3594936708860759,0.0,17.287547700107098,18.43480719253421,0,"bbr,bbr",1791233010.984405,1791233034.0196638
hk-b,full,jool300-v4-p4-fwd-r3,6.1.0-52-cloud-amd64,0,jool300,,tcp,4,4,False,3,20,3,,,,1119.8677284894045,False,1119.1026053843677,1428,0,,,,,,,,,,,37.557019766852505,0.37557019766852506,0.240750126710593,0.05068423720223011,0.2125217579305172,0.30685216188430786,0,"bbr,bbr",1791233034.992386,1791233058.0160954
hk-b,full,jooloff-v6-udp-1200-100M-r1,6.1.0-52-cloud-amd64,0,jooloff,,udp,6,1,False,1,10,2,100M,1200,100.0,100.00035000010499,False,99.99842003001943,,,0,0,0,"backend local JSON, warmup excluded",104167,0,125000400,True,104167,0.025088362121685106,2.9577464788732395,0.029577464788732397,0.005633802816901409,0.0,,,0,"None,None",1791233058.9908917,1791233070.9998395
hk-b,full,realm-v6-udp-1200-100M-r1,6.1.0-52-cloud-amd64,0,realm,,udp,6,1,False,1,10,2,100M,1200,100.0,100.00040000032,False,99.99770006025844,,,0,0,0,"backend local JSON, warmup excluded",104167,0,125000400,True,104167,0.01360534232923209,2.294197031039136,0.02294197031039136,0.0,0.1349527665317139,,,0,"None,None",1791233071.9163623,1791233083.9259825
hk-b,full,jool300-v6-udp-1200-100M-r1,6.1.0-52-cloud-amd64,0,jool300,,udp,6,1,False,1,10,2,100M,1200,100.0,100.000710002769,False,99.9847323802219,,,0,0,0,"backend local JSON, warmup excluded",104167,0,125000400,True,104167,0.02532304131463792,16.337285902503293,0.16337285902503293,0.06324110671936758,0.13175230566534915,,,0,"None,None",1791233084.9067514,1791233096.9175458
hk-b,full,jooloff-v6-udp-1200-500M-r1,6.1.0-52-cloud-amd64,0,jooloff,,udp,6,1,False,1,10,2,500M,1200,500.0,465.5273948143868,True,465.55613055354297,,,0,0,0,"backend local JSON, warmup excluded",484956,0,581947200,True,484752,0.01290792197427444,100.0,1.0,0.6595092024539878,0.0,,,0,"None,None",1791233097.8563836,1791233109.865911
hk-b,full,realm-v6-udp-1200-500M-r1,6.1.0-52-cloud-amd64,0,realm,,udp,6,1,False,1,10,2,500M,1200,500.0,499.995479994576,False,497.953658434658,,,0.3914664536863891,0.4896050135553388,0.3914664536863891,"backend local JSON, warmup excluded",520862,2039,622587600,True,520828,0.004281150897512824,95.14091350826045,0.9514091350826045,0.17978620019436345,0.0,,,0,"None,None",1791233110.7819839,1791233122.793559
hk-b,full,jool300-v6-udp-1200-500M-r1,6.1.0-52-cloud-amd64,0,jool300,,udp,6,1,False,1,10,2,500M,1200,500.0,466.580579922522,True,287.27933780800345,,,38.42329574672026,45.8222998594711,38.42329574672026,"backend local JSON, warmup excluded",486166,186801,359238000,True,485859,0.0184960417074548,100.0,1.0,0.6557711950970377,0.0,,,0,"None,None",1791233123.7477102,1791233135.7619832
hk-b,full,jooloff-v6-udp-128-50M-r1,6.1.0-52-cloud-amd64,0,jooloff,,udp,6,1,False,1,10,2,50M,128,50.0,48.18586684685299,False,48.184688627941334,,,0,0,0,"backend local JSON, warmup excluded",470552,0,60230656,True,470422,0.012620524187610655,99.89816700610999,0.9989816700610998,0.6435845213849286,0.10183299389002037,,,0,"None,None",1791233136.7155955,1791233148.7256324
hk-b,full,realm-v6-udp-128-50M-r1,6.1.0-52-cloud-amd64,0,realm,,udp,6,1,False,1,10,2,50M,128,50.0,50.00008440018568,False,49.998801635471594,,,0,0,0,"backend local JSON, warmup excluded",488284,0,62500352,True,488281,0.005305633950163563,88.72727272727273,0.8872727272727273,0.25272727272727274,0.0,,,0,"None,None",1791233149.6333513,1791233161.6440578
hk-b,full,jool300-v6-udp-128-50M-r1,6.1.0-52-cloud-amd64,0,jool300,,udp,6,1,False,1,10,2,50M,128,50.0,48.380016076003216,False,48.37989916201009,,,0,0,0,"backend local JSON, warmup excluded",472460,0,60474880,True,472341,0.01346660380489183,100.0,1.0,0.6523517382413089,0.0,,,0,"None,None",1791233162.6029775,1791233174.6133487
hk-b,full,jooloff-v4-udp-1200-100M-r1,6.1.0-52-cloud-amd64,0,jooloff,,udp,4,1,False,1,10,2,100M,1200,100.0,99.999240000912,False,99.99800002719964,,,0,0,0,"backend local JSON, warmup excluded",104166,0,124999200,True,104166,0.020587862355106408,2.8493894165535956,0.028493894165535955,0.0013568521031207597,0.13568521031207598,,,0,"None,None",1791233175.5564296,1791233187.56683
hk-b,full,realm-v4-udp-1200-100M-r1,6.1.0-52-cloud-amd64,0,realm,,udp,4,1,False,1,10,2,100M,1200,100.0,100.000159999744,False,99.99836003214337,,,0,0,0,"backend local JSON, warmup excluded",104167,0,125000400,True,104167,0.00893276273992182,19.25254813137033,0.19252548131370328,0.004530011325028313,0.0,,,0,"None,None",1791233188.4801855,1791233200.4934826
hk-b,full,jool300-v4-udp-1200-100M-r1,6.1.0-52-cloud-amd64,0,jool300,,udp,4,1,False,1,10,2,100M,1200,100.0,99.998350000825,False,99.96174402846476,,,0,0,0,"backend local JSON, warmup excluded",104165,0,124998000,True,104165,0.02413308896453,3.5608308605341246,0.03560830860534125,0.0029673590504451035,0.0,,,0,"None,None",1791233201.464419,1791233213.478259
hk-b,full,jooloff-v4-udp-1200-500M-r1,6.1.0-52-cloud-amd64,0,jooloff,,udp,4,1,False,1,10,2,500M,1200,500.0,489.9369891197207,False,489.9460118488332,,,0,0,0,"backend local JSON, warmup excluded",510359,0,612430800,True,510191,0.012164227522300258,99.8980632008155,0.998980632008155,0.6432212028542303,0.1019367991845056,,,0,"None,None",1791233214.4273353,1791233226.4375
hk-b,full,realm-v4-udp-1200-500M-r1,6.1.0-52-cloud-amd64,0,realm,,udp,4,1,False,1,10,2,500M,1200,500.0,499.10792149437225,False,486.37321757968124,,,2.5085628458072344,2.7115274046754188,2.5085628458072344,"backend local JSON, warmup excluded",519979,13044,608322000,True,519918,0.004110968060371602,98.87892376681614,0.9887892376681614,0.14798206278026904,0.0,,,0,"None,None",1791233227.3660586,1791233239.3817537
hk-b,full,jool300-v4-udp-1200-500M-r1,6.1.0-52-cloud-amd64,0,jool300,,udp,4,1,False,1,10,2,500M,1200,500.0,509.0134466567929,False,280.04202006303,,,44.95954655919335,52.099641710957535,44.95954655919335,"backend local JSON, warmup excluded",529992,238282,350052000,True,529816,0.025861908025705045,99.39024390243902,0.9939024390243902,0.5945121951219512,0.0,,,0,"None,None",1791233240.3324068,1791233252.3463936
hk-b,full,jooloff-v4-udp-128-50M-r1,6.1.0-52-cloud-amd64,0,jooloff,,udp,4,1,False,1,10,2,50M,128,50.0,49.999951600319434,False,50.0007799822164,,,0,0,0,"backend local JSON, warmup excluded",488300,0,62502400,True,488284,0.013714041131540575,95.8502024291498,0.958502024291498,0.5475708502024292,0.10121457489878542,,,0,"None,None",1791233253.300415,1791233265.310391
hk-b,full,realm-v4-udp-128-50M-r1,6.1.0-52-cloud-amd64,0,realm,,udp,4,1,False,1,10,2,50M,128,50.0,50.00047920287521,False,49.98947122985362,,,0.0016384645948281866,0.02519030971792997,0.0016384645948281866,"backend local JSON, warmup excluded",488262,8,62496512,True,488245,0.00517042336830531,90.50847457627118,0.9050847457627118,0.09491525423728814,0.0,,,0,"None,None",1791233266.2233708,1791233278.2345333
hk-b,full,jool300-v4-udp-128-50M-r1,6.1.0-52-cloud-amd64,0,jool300,,udp,4,1,False,1,10,2,50M,128,50.0,50.02631886842906,False,50.0240076970174,,,0,0,0,"backend local JSON, warmup excluded",488705,0,62554240,True,488537,0.015497835489244369,99.79508196721312,0.9979508196721312,0.6383196721311475,0.0,,,0,"None,None",1791233279.1884265,1791233291.2018168
hk-b,offloads,joolgro-v6-p4-fwd-r1,6.1.0-52-cloud-amd64,0,joolgro,gro,tcp,6,4,False,1,20,3,,,,10356.266689648426,False,10357.290868352933,1428,109140,,,,,,,,,,,98.33333333333333,0.9833333333333333,0.5505050505050505,0.0,5.229227244853973,3.199739847332239,0,"bbr,bbr",1791233746.5604866,1791233769.5907817
hk-b,offloads,joolgro-v4-p4-fwd-r1,6.1.0-52-cloud-amd64,0,joolgro,gro,tcp,4,4,False,1,20,3,,,,10428.323568503254,False,10432.598537641083,1428,97587,,,,,,,,,,,98.48408287013643,0.9848408287013644,0.5795856493178373,0.050530570995452245,9.761478751897812,6.195575930178165,0,"bbr,bbr",1791233770.5296068,1791233793.5514195
hk-b,offloads,joolgro-v6-p4-fwd-r2,6.1.0-52-cloud-amd64,0,joolgro,gro,tcp,6,4,False,2,20,3,,,,10001.109479798975,False,9986.434770854401,1428,110742,,,,,,,,,,,98.17997977755309,0.9817997977755308,0.5712841253791708,0.0,6.946602836251259,1.8438566476106644,0,"bbr,bbr",1791233794.500387,1791233817.5285835
hk-b,offloads,joolgro-v4-p4-fwd-r2,6.1.0-52-cloud-amd64,0,joolgro,gro,tcp,4,4,False,2,20,3,,,,10179.397609714111,False,10171.832253795,1428,129903,,,,,,,,,,,98.78603945371775,0.9878603945371774,0.5776428932726353,0.05058168942842691,2.6611140929162502,5.7496121153235435,0,"bbr,bbr",1791233818.4644015,1791233841.4964077
hk-b,offloads,joolgro-v6-p4-fwd-r3,6.1.0-52-cloud-amd64,0,joolgro,gro,tcp,6,4,False,3,20,3,,,,10243.213803896031,False,10245.8676791555,1428,101927,,,,,,,,,,,98.4375,0.984375,0.5826612903225806,0.0,2.114968840032816,2.4958630092442036,0,"bbr,bbr",1791233842.4404037,1791233865.4644952
hk-b,offloads,joolgro-v4-p4-fwd-r3,6.1.0-52-cloud-amd64,0,joolgro,gro,tcp,4,4,False,3,20,3,,,,10336.02469783668,False,10340.714582437395,1428,105110,,,,,,,,,,,98.22874493927125,0.9822874493927125,0.5779352226720648,0.0,7.952242158353329,3.7982440553605556,0,"bbr,bbr",1791233866.4044,1791233889.4275343
hk-b,offloads,joolvethgro-v6-p4-fwd-r1,6.1.0-52-cloud-amd64,0,joolvethgro,joolgro,tcp,6,4,False,1,20,3,,,,10357.27614581517,False,10345.12754136565,1428,95334,,,,,,,,,,,99.19110212335693,0.9919110212335692,0.5753286147623862,0.0,4.368020221590996,9.27488412708044,0,"bbr,bbr",1791233890.375418,1791233913.399677
hk-b,offloads,joolvethgro-v4-p4-fwd-r1,6.1.0-52-cloud-amd64,0,joolvethgro,joolgro,tcp,4,4,False,1,20,3,,,,10329.737700418036,False,10319.024559980515,1428,121982,,,,,,,,,,,98.98887765419616,0.9898887765419616,0.5920121334681496,0.0,3.746634814888239,2.9242970049381256,0,"bbr,bbr",1791233914.3393333,1791233937.366441
hk-b,offloads,joolvethgro-v6-p4-fwd-r2,6.1.0-52-cloud-amd64,0,joolvethgro,joolgro,tcp,6,4,False,2,20,3,,,,10139.726778138547,False,10126.236004888897,1428,102596,,,,,,,,,,,98.73609706774519,0.9873609706774519,0.5798786653185035,0.05055611729019211,2.407591789960861,3.693084232509136,0,"bbr,bbr",1791233938.31555,1791233961.3477685
hk-b,offloads,joolvethgro-v4-p4-fwd-r2,6.1.0-52-cloud-amd64,0,joolvethgro,joolgro,tcp,4,4,False,2,20,3,,,,10267.194498787836,False,10272.661149176969,1428,107138,,,,,,,,,,,98.58657243816255,0.9858657243816255,0.5668854114083797,0.0,2.4668830446898937,3.0246591195464134,0,"bbr,bbr",1791233962.292435,1791233985.3148396
hk-b,offloads,joolvethgro-v6-p4-fwd-r3,6.1.0-52-cloud-amd64,0,joolvethgro,joolgro,tcp,6,4,False,3,20,3,,,,10135.62600790805,False,10143.160536355861,1428,115149,,,,,,,,,,,99.09136799596163,0.9909136799596163,0.5896012115093388,0.05047955577990914,4.528189077973366,5.200796760618687,0,"bbr,bbr",1791233986.2539551,1791234009.2731495
hk-b,offloads,joolvethgro-v4-p4-fwd-r3,6.1.0-52-cloud-amd64,0,joolvethgro,joolgro,tcp,4,4,False,3,20,3,,,,9627.38645487563,False,9631.91087788471,1428,89736,,,,,,,,,,,97.83266129032258,0.9783266129032258,0.6255040322580645,0.05040322580645161,5.102476105093956,1.5329131856560707,0,"bbr,bbr",1791234010.2240374,1791234033.2481976
hk-b,offloads,joolalloff-v6-p1-fwd-r1,6.1.0-52-cloud-amd64,0,joolalloff,alloff,tcp,6,1,False,1,20,3,,,,981.4628666365301,False,981.0483148990211,1428,0,,,,,,,,,,,100.0,1.0,0.9402010050251256,0.0,14.04092786833644,10.809126775711775,0,"bbr,bbr",1791234034.2025476,1791234057.2373605
hk-b,offloads,joolalloff-v4-p1-fwd-r1,6.1.0-52-cloud-amd64,0,joolalloff,alloff,tcp,4,1,False,1,20,3,,,,1039.093875189898,False,1038.8147060323288,1428,0,,,,,,,,,,,99.9496728736789,0.9994967287367891,0.9280322093608454,0.050327126321087066,13.231949880719185,11.924867983907461,0,"bbr,bbr",1791234058.183032,1791234081.2067146
hk-a,fixed,jooloff-v6-p4-fwd-r1,6.1.0-53-cloud-amd64,"0,1",jooloff,,tcp,6,4,False,1,20,3,250M,,1000.0,999.924673404151,False,999.9141742780232,1428,0,,,,,,,,,,,9.506254114549046,0.2721108546027719,0.11419697511271884,0.3825229133016744,0.4587779985740781,0.5486150039359927,0,"bbr,bbr",1791231513.3912709,1791231536.4269361
hk-a,fixed,realm-v6-p4-fwd-r1,6.1.0-53-cloud-amd64,"0,1",realm,,tcp,6,4,False,1,20,3,250M,,1000.0,999.9178239492483,False,999.8990259274523,1428,0,,,,,,,,,,,10.936300844205679,0.32325662017653806,0.07327555401477373,0.2582068855169471,1.0999359656125307,1.5585230430588126,0,"bbr,bbr",1791231537.529328,1791231560.5636134
hk-a,fixed,jool300-v6-p4-fwd-r1,6.1.0-53-cloud-amd64,"0,1",jool300,,tcp,6,4,False,1,20,3,250M,,1000.0,999.927023238765,False,1000.020939517289,1428,2,,,,,,,,,,,8.455984448764232,0.24528279992513569,0.12174321542204755,0.6730114168070372,0.4391609691083431,0.693656038492918,0,"bbr,bbr",1791231561.7607727,1791231584.7917724
hk-a,fixed,jooloff-v4-p4-fwd-r1,6.1.0-53-cloud-amd64,"0,1",jooloff,,tcp,4,4,False,1,20,3,250M,,1000.0,999.9262232938268,False,999.9590530326305,1428,1,,,,,,,,,,,8.231545406266596,0.210804952789058,0.09533496101048854,0.5018809636513117,0.6509469822049141,0.6106509827077389,0,"bbr,bbr",1791231585.9958086,1791231609.0239005
hk-a,fixed,realm-v4-p4-fwd-r1,6.1.0-53-cloud-amd64,"0,1",realm,,tcp,4,4,False,1,20,3,250M,,1000.0,999.918973851181,False,999.909424745777,1448,2,,,,,,,,,,,9.31815207433582,0.25149985873906616,0.06638739083620351,0.4319756442242063,0.9708149591460824,1.0018530301749706,0,"bbr,bbr",1791231610.1067889,1791231633.1341863
hk-a,fixed,jool300-v4-p4-fwd-r1,6.1.0-53-cloud-amd64,"0,1",jool300,,tcp,4,4,False,1,20,3,250M,,1000.0,999.9279231783505,False,1000.0162394595287,1428,50,,,,,,,,,,,9.335529928610654,0.27758685559325885,0.15308058722473838,0.8340905541436543,0.5161550361663103,0.40194205939769745,0,"bbr,bbr",1791231634.3290043,1791231657.3587935
hk-a,full,nft-v6-p1-fwd-r1,6.1.0-53-cloud-amd64,"0,1",nft,,tcp,6,1,False,1,20,3,,,,10073.851968720632,False,10073.835584286611,1428,1913,,,,,,,,,,,42.64446126671714,1.5836424262261926,0.6732170941808573,4.024115366294371,0.6914720870554447,0.5569709464907646,0,"bbr,bbr",1791229733.4051902,1791229756.4232872
hk-a,full,nft-v6-p1-rev-r1,6.1.0-53-cloud-amd64,"0,1",nft,,tcp,6,1,True,1,20,3,,,,10297.441971021826,False,10298.384655734157,1428,3131,,,,,,,,,,,42.803125787748925,1.5948729051132167,0.696159965698827,3.4447883549420677,0.47335505951195955,0.4160060780122876,0,"bbr,bbr",1791229757.5343096,1791229780.5515504
hk-a,full,nft-v6-p4-fwd-r1,6.1.0-53-cloud-amd64,"0,1",nft,,tcp,6,4,False,1,20,3,,,,13377.499500574982,False,13377.379392547944,1428,9689,,,,,,,,,,,46.250313518936544,1.7138113285191576,0.7301306145607853,6.167586514350559,0.2874979982152581,1.626700977794826,0,"bbr,bbr",1791229781.6760027,1791229804.7077944
hk-a,full,nft-v6-p4-rev-r1,6.1.0-53-cloud-amd64,"0,1",nft,,tcp,6,4,True,1,20,3,,,,13227.3247011296,False,13231.081271963954,1428,10364,,,,,,,,,,,45.41927409261577,1.6716506117275753,0.727232977630095,6.891967388426686,1.0161090176552534,0.5522619467228651,0,"bbr,bbr",1791229805.8637035,1791229828.901678
hk-a,full,nft-v4-p1-fwd-r1,6.1.0-53-cloud-amd64,"0,1",nft,,tcp,4,1,False,1,20,3,,,,12114.545671805603,False,12113.039955819848,1448,1812,,,,,,,,,,,44.26696384348688,1.6136979619969976,0.6171603474359948,4.637566662967225,0.2717279130592942,0.4533469909802079,0,"bbr,bbr",1791229830.025826,1791229853.0397024
hk-a,full,nft-v4-p1-rev-r1,6.1.0-53-cloud-amd64,"0,1",nft,,tcp,4,1,True,1,20,3,,,,12290.439697633123,False,12290.445824326018,1448,1127,,,,,,,,,,,43.140953099459324,1.6024140609207262,0.611711759636561,4.4879030971050415,0.2312520518898964,0.40277198422700167,0,"bbr,bbr",1791229854.1264143,1791229877.1438158
hk-a,full,nft-v4-p4-fwd-r1,6.1.0-53-cloud-amd64,"0,1",nft,,tcp,4,4,False,1,20,3,,,,13924.71052787364,False,13948.05034905456,1448,10234,,,,,,,,,,,43.27317983820784,1.5806944194689203,0.6962896361565666,3.8486033686986754,0.5527329631149769,4.102047067135572,0,"bbr,bbr",1791229878.277073,1791229901.3048286
hk-a,full,nft-v4-p4-rev-r1,6.1.0-53-cloud-amd64,"0,1",nft,,tcp,4,4,True,1,20,3,,,,14209.647837743136,False,14210.081876244478,1448,11705,,,,,,,,,,,45.503642300929414,1.7061346468956196,0.6953787374646364,5.8393996392072545,0.5004260456189513,0.37151400465518236,0,"bbr,bbr",1791229902.4397602,1791229925.4636981
hk-a,full,jooloff-v6-p1-fwd-r1,6.1.0-53-cloud-amd64,"0,1",jooloff,,tcp,6,1,False,1,20,3,,,,7550.218408297134,False,7550.5917829586115,1428,2023,,,,,,,,,,,42.86255684689237,1.582794210844545,0.9151054407953143,3.498049156751479,0.5890709580853581,1.3215600047260523,0,"bbr,bbr",1791229926.5721433,1791229949.5915074
hk-a,full,realm-v6-p1-fwd-r1,6.1.0-53-cloud-amd64,"0,1",realm,,tcp,6,1,False,1,20,3,,,,10185.0140000478,False,10188.987190423912,1428,7413,,,,,,,,,,,44.862408482706385,1.6631114026225453,0.5929683739480464,4.088774047489329,16.30794000811875,12.257650960236788,0,"bbr,bbr",1791229950.708593,1791229973.734408
hk-a,full,jool300-v6-p1-fwd-r1,6.1.0-53-cloud-amd64,"0,1",jool300,,tcp,6,1,False,1,20,3,,,,285.4696659642808,False,285.4670520699426,1428,0,,,,,,,,,,,8.865926776374538,0.2691168963757019,0.15504770879962304,0.5117603172733342,0.5998119013383985,0.6611159769818187,0,"bbr,bbr",1791229974.8876364,1791229997.9033625
hk-a,full,jooloff-v6-p1-rev-r1,6.1.0-53-cloud-amd64,"0,1",jooloff,,tcp,6,1,True,1,20,3,,,,8386.718720544304,False,8386.58023210244,1428,2452,,,,,,,,,,,43.86603110888108,1.6292213625159189,0.944747908521412,3.4185247815097735,3.4529640106484294,2.452393062412739,0,"bbr,bbr",1791229999.1163251,1791230022.1357899
hk-a,full,realm-v6-p1-rev-r1,6.1.0-53-cloud-amd64,"0,1",realm,,tcp,6,1,True,1,20,3,,,,10088.951832290766,False,10085.043751266043,1428,5146,,,,,,,,,,,44.584224430746005,1.647239081000549,0.5915580647690739,3.1442797773073003,11.536852922290564,20.04718000534922,0,"bbr,bbr",1791230023.2265353,1791230046.26012
hk-a,full,jool300-v6-p1-rev-r1,6.1.0-53-cloud-amd64,"0,1",jool300,,tcp,6,1,True,1,20,3,,,,281.892920881499,False,281.94200700579927,1428,0,,,,,,,,,,,9.47969543147208,0.2787651938912131,0.15896214114690752,0.4572726082730628,0.8163950406014919,0.5177980056032538,0,"bbr,bbr",1791230047.4272597,1791230070.4454825
hk-a,full,jooloff-v6-p4-fwd-r1,6.1.0-53-cloud-amd64,"0,1",jooloff,,tcp,6,4,False,1,20,3,,,,8134.901010661014,False,8096.569660937465,1428,7947,,,,,,,,,,,38.696083292017846,1.4033921179631381,0.8602716434821107,1.610493568412918,0.7560630328953266,1.2672280427068472,0,"bbr,bbr",1791230071.6183786,1791230094.6464365
hk-a,full,realm-v6-p4-fwd-r1,6.1.0-53-cloud-amd64,"0,1",realm,,tcp,6,4,False,1,20,3,,,,10966.389589220313,False,10969.51180760668,1428,24618,,,,,,,,,,,46.91326530612245,1.7667370329781762,0.5493547465267365,6.74301944680475,24.671282968483865,20.019959076307714,0,"bbr,bbr",1791230095.7609067,1791230118.7992954
hk-a,full,jool300-v6-p4-fwd-r1,6.1.0-53-cloud-amd64,"0,1",jool300,,tcp,6,4,False,1,20,3,,,,1128.6369924318499,False,1128.4701852766932,1428,31,,,,,,,,,,,18.466590880383983,0.637699876621891,0.4315210641566166,0.4801073226133281,0.7992549799382687,0.8693450363352895,0,"bbr,bbr",1791230119.9547336,1791230142.9846146
hk-a,full,jooloff-v6-p4-rev-r1,6.1.0-53-cloud-amd64,"0,1",jooloff,,tcp,6,4,True,1,20,3,,,,9192.040005087834,False,9178.723431651024,1428,9512,,,,,,,,,,,38.525609149676775,1.3873305150871988,0.8292211379800785,1.5391548762421456,0.7856580195948482,2.5353479431942105,0,"bbr,bbr",1791230144.2331889,1791230167.2707407
hk-a,full,realm-v6-p4-rev-r1,6.1.0-53-cloud-amd64,"0,1",realm,,tcp,6,4,True,1,20,3,,,,11305.381557322191,False,11274.01509162544,1428,34914,,,,,,,,,,,47.87234042553192,1.7795631232043265,0.5662666892006084,7.425321108669934,25.092950090765953,37.34051203355193,0,"bbr,bbr",1791230168.4016345,1791230191.4650059
hk-a,full,jool300-v6-p4-rev-r1,6.1.0-53-cloud-amd64,"0,1",jool300,,tcp,6,4,True,1,20,3,,,,1114.420484095739,False,1114.8475717976605,1428,33,,,,,,,,,,,19.20371765887968,0.6611615942354426,0.4548386452891011,0.4995084756757836,0.6273420294746757,0.6735390052199364,0,"bbr,bbr",1791230192.628556,1791230215.663687
hk-a,full,jooloff-v4-p1-fwd-r1,6.1.0-53-cloud-amd64,"0,1",jooloff,,tcp,4,1,False,1,20,3,,,,8000.452611349136,False,7985.669077257419,1428,4009,,,,,,,,,,,44.347500934812416,1.634686228803876,0.9418254947666712,3.955619543854838,0.7714219391345978,0.876437989063561,0,"bbr,bbr",1791230216.827695,1791230239.8458023
hk-a,full,realm-v4-p1-fwd-r1,6.1.0-53-cloud-amd64,"0,1",realm,,tcp,4,1,False,1,20,3,,,,11144.679683671131,False,11131.3607542615,1448,11432,,,,,,,,,,,46.981627296587924,1.7502394270442132,0.6490864624234394,4.918266578732569,16.073042061179876,15.191765036433935,0,"bbr,bbr",1791230240.9429808,1791230263.9688683
hk-a,full,jool300-v4-p1-fwd-r1,6.1.0-53-cloud-amd64,"0,1",jool300,,tcp,4,1,False,1,20,3,,,,281.948148721113,False,281.93227689754804,1428,0,,,,,,,,,,,8.974196008643702,0.2740923015246146,0.15486322401536715,0.5861086054857876,0.5926080048084259,0.6390350172296166,0,"bbr,bbr",1791230265.1119926,1791230288.1275632
hk-a,full,jooloff-v4-p1-rev-r1,6.1.0-53-cloud-amd64,"0,1",jooloff,,tcp,4,1,True,1,20,3,,,,7636.056491612192,False,7636.298491701508,1428,3312,,,,,,,,,,,42.99254391507645,1.5949592028432393,0.9258362256989284,3.616457120179991,3.745691035874188,4.2211510008201,0,"bbr,bbr",1791230289.3496847,1791230312.3682146
hk-a,full,realm-v4-p1-rev-r1,6.1.0-53-cloud-amd64,"0,1",realm,,tcp,4,1,True,1,20,3,,,,11544.327436638092,False,11545.130920519505,1448,3257,,,,,,,,,,,47.58396803595954,1.771293539118745,0.6267090094692658,5.138696535042071,11.985130026005208,11.04452193249017,0,"bbr,bbr",1791230313.4593773,1791230336.4913082
hk-a,full,jool300-v4-p1-rev-r1,6.1.0-53-cloud-amd64,"0,1",jool300,,tcp,4,1,True,1,20,3,,,,285.79966078369745,False,285.8032471688635,1428,0,,,,,,,,,,,8.940397350993377,0.27200153060944443,0.1569462773335717,0.4857254202706952,0.5668490193784237,0.599861959926784,0,"bbr,bbr",1791230337.6842074,1791230360.7035687
hk-a,full,jooloff-v4-p4-fwd-r1,6.1.0-53-cloud-amd64,"0,1",jooloff,,tcp,4,4,False,1,20,3,,,,8777.054360086697,False,8796.975275370723,1428,4804,,,,,,,,,,,38.64145309778552,1.390632635638376,0.8444684859725043,1.6835938649945539,1.6904210206121206,1.6711929347366095,0,"bbr,bbr",1791230361.959001,1791230384.991673
hk-a,full,realm-v4-p4-fwd-r1,6.1.0-53-cloud-amd64,"0,1",realm,,tcp,4,4,False,1,20,3,,,,11156.784488489191,False,11132.247595548233,1448,32685,,,,,,,,,,,47.718317020465236,1.7874789383989005,0.5776826293875881,7.165416449311301,25.537142995744944,24.827245040796697,0,"bbr,bbr",1791230386.136509,1791230409.2042184
hk-a,full,jool300-v4-p4-fwd-r1,6.1.0-53-cloud-amd64,"0,1",jool300,,tcp,4,4,False,1,20,3,,,,1112.4347322514034,False,1111.9618903525143,1428,40,,,,,,,,,,,19.21967130849329,0.6483805533867044,0.4452069333033044,0.5989682857229699,0.8422050159424543,0.5474140634760261,0,"bbr,bbr",1791230410.410478,1791230433.43676
hk-a,full,jooloff-v4-p4-rev-r1,6.1.0-53-cloud-amd64,"0,1",jooloff,,tcp,4,4,True,1,20,3,,,,8773.830266003577,False,8766.125303911427,1428,24193,,,,,,,,,,,43.688955672426744,1.6071170102817904,0.9738252374918424,4.636912364811847,1.588069018907845,2.275303937494755,0,"bbr,bbr",1791230434.6300507,1791230457.664112
hk-a,full,realm-v4-p4-rev-r1,6.1.0-53-cloud-amd64,"0,1",realm,,tcp,4,4,True,1,20,3,,,,11283.781816901455,False,11298.046908888693,1448,35921,,,,,,,,,,,47.39063699155794,1.7764815733561863,0.5433337805610522,7.877748443388999,14.783247956074774,32.565591973252594,0,"bbr,bbr",1791230458.8251266,1791230481.8594823
hk-a,full,jool300-v4-p4-rev-r1,6.1.0-53-cloud-amd64,"0,1",jool300,,tcp,4,4,True,1,20,3,,,,1125.9495330358836,False,1126.2826829151952,1428,45,,,,,,,,,,,18.829133759558733,0.6467382159865492,0.41811657694958604,0.6742677952032625,0.7200760301202536,0.6418809061869979,0,"bbr,bbr",1791230483.0275393,1791230506.0607932
hk-a,full,realm-v6-p4-fwd-r2,6.1.0-53-cloud-amd64,"0,1",realm,,tcp,6,4,False,2,20,3,,,,11466.228990125262,False,11470.926085385758,1428,36156,,,,,,,,,,,47.08577246118605,1.7766322636376528,0.5659771018939931,6.86688004710271,38.684831000864506,35.96750204451382,0,"bbr,bbr",1791230507.269536,1791230530.3077264
hk-a,full,jool300-v6-p4-fwd-r2,6.1.0-53-cloud-amd64,"0,1",jool300,,tcp,6,4,False,2,20,3,,,,1129.050232290418,False,1128.8475394728691,1428,54,,,,,,,,,,,19.176706827309236,0.64457854111958,0.4363865641577774,0.45032802026263163,0.5663579795509577,0.6362879648804665,0,"bbr,bbr",1791230531.4696004,1791230554.5010011
hk-a,full,jooloff-v6-p4-fwd-r2,6.1.0-53-cloud-amd64,"0,1",jooloff,,tcp,6,4,False,2,20,3,,,,8001.49122988604,False,7989.086114273579,1428,4115,,,,,,,,,,,38.45295648940127,1.3837366422326238,0.8373781977685536,2.030748623745179,1.9527500262483954,0.8046750444918871,0,"bbr,bbr",1791230555.6797051,1791230578.7091086
hk-a,full,realm-v4-p4-fwd-r2,6.1.0-53-cloud-amd64,"0,1",realm,,tcp,4,4,False,2,20,3,,,,11827.674975000697,False,11832.321444436431,1448,37381,,,,,,,,,,,47.88965166539537,1.7879988196606258,0.5794740577887778,8.249176553781206,28.29829405527562,28.99740100838244,0,"bbr,bbr",1791230579.805988,1791230602.8819594
hk-a,full,jool300-v4-p4-fwd-r2,6.1.0-53-cloud-amd64,"0,1",jool300,,tcp,4,4,False,2,20,3,,,,1114.7020238939283,False,1114.843703661332,1428,34,,,,,,,,,,,20.167123971065102,0.6892344334972978,0.46407625559024757,0.41871622179383217,0.704648089595139,0.7407939992845058,0,"bbr,bbr",1791230604.0987196,1791230627.1255643
hk-a,full,jooloff-v4-p4-fwd-r2,6.1.0-53-cloud-amd64,"0,1",jooloff,,tcp,4,4,False,2,20,3,,,,9328.04814356671,False,9330.315103326186,1428,8659,,,,,,,,,,,40.40806170689226,1.4759736637647665,0.8747853457377931,2.2436599796800607,1.6430820105597377,1.1361639481037855,0,"bbr,bbr",1791230628.3208468,1791230651.3513694
hk-a,full,jooloff-v6-p4-fwd-r3,6.1.0-53-cloud-amd64,"0,1",jooloff,,tcp,6,4,False,3,20,3,,,,8888.55387158705,False,8858.875756022619,1428,8054,,,,,,,,,,,39.653884462151396,1.4265155473824813,0.84927516410362,1.3687628174014133,0.769358011893928,0.9647030383348465,0,"bbr,bbr",1791230652.4648569,1791230675.503541
hk-a,full,realm-v6-p4-fwd-r3,6.1.0-53-cloud-amd64,"0,1",realm,,tcp,6,4,False,3,20,3,,,,10452.034607513731,False,10456.795373185787,1428,32768,,,,,,,,,,,47.244296334273265,1.7815675088735035,0.5608495256392244,7.6444319923152575,35.917929955758154,39.59351999219507,0,"bbr,bbr",1791230676.614342,1791230699.64883
hk-a,full,jool300-v6-p4-fwd-r3,6.1.0-53-cloud-amd64,"0,1",jool300,,tcp,6,4,False,3,20,3,,,,1128.1489548521342,False,1128.3285369889709,1428,11,,,,,,,,,,,18.63550221099179,0.6289490121389918,0.4195043031727259,0.5311128859672027,0.7121609523892403,1.1916279327124357,0,"bbr,bbr",1791230700.8586826,1791230723.8869753
hk-a,full,jooloff-v4-p4-fwd-r3,6.1.0-53-cloud-amd64,"0,1",jooloff,,tcp,4,4,False,3,20,3,,,,8395.461523576856,False,8356.897642158447,1428,10954,,,,,,,,,,,38.18317015739249,1.3760802469135802,0.8286794532627866,1.9798280423280423,1.4495300129055977,0.9819059632718563,0,"bbr,bbr",1791230725.0862381,1791230748.1190891
hk-a,full,realm-v4-p4-fwd-r3,6.1.0-53-cloud-amd64,"0,1",realm,,tcp,4,4,False,3,20,3,,,,11151.862960882088,False,11136.110812226101,1448,36346,,,,,,,,,,,48.207975769813224,1.7917811178747467,0.5697862833051068,8.153755947178205,23.694255971349776,21.61342592444271,0,"bbr,bbr",1791230749.2754421,1791230772.321912
hk-a,full,jool300-v4-p4-fwd-r3,6.1.0-53-cloud-amd64,"0,1",jool300,,tcp,4,4,False,3,20,3,,,,1114.6022176193346,False,1113.7940632904422,1428,23,,,,,,,,,,,18.602000759782197,0.6428694128913535,0.42230893536219455,0.5076267446776339,0.6002619629725814,0.6372720235958695,0,"bbr,bbr",1791230773.4978602,1791230796.5281131
hk-a,full,jooloff-v6-udp-1200-100M-r1,6.1.0-53-cloud-amd64,"0,1",jooloff,,udp,6,1,False,1,10,2,100M,1200,100.0,99.99777001404891,False,99.99715003562454,,,0,0,0,"backend local JSON, warmup excluded",104165,0,124998000,True,104165,0.020134695984602484,18.22930268999739,0.6064406067074156,0.29909400453690743,0.7515696683252713,,,0,"None,None",1791230797.7343144,1791230809.7477486
hk-a,full,realm-v6-udp-1200-100M-r1,6.1.0-53-cloud-amd64,"0,1",realm,,udp,6,1,False,1,10,2,100M,1200,100.0,100.000340000068,False,99.99599132807299,,,0,0,0,"backend local JSON, warmup excluded",104197,0,125036400,True,104167,0.014445287064541243,4.611368909512761,0.10165868300046245,0.023757296547391563,0.8584840632062054,,,0,"None,None",1791230810.8510551,1791230822.871626
hk-a,full,jool300-v6-udp-1200-100M-r1,6.1.0-53-cloud-amd64,"0,1",jool300,,udp,6,1,False,1,10,2,100M,1200,100.0,99.999469999417,False,99.9968602593426,,,0,0,0,"backend local JSON, warmup excluded",104172,0,125006400,True,104166,0.0258069755129929,31.85821224130339,0.9984221499049433,0.5335337535627145,0.7431569859818091,,,0,"None,None",1791230824.079435,1791230836.093826
hk-a,full,jooloff-v6-udp-1200-500M-r1,6.1.0-53-cloud-amd64,"0,1",jooloff,,udp,6,1,False,1,10,2,500M,1200,500.0,313.8847441505022,True,308.62437529580853,,,1.675403558779812,1.803573503954588,1.675403558779812,"backend local JSON, warmup excluded",326966,5478,385785600,True,326962,0.014469626865602327,37.5875486381323,1.3774735890163194,0.7042592298974096,3.8573836243092625,,,0,"None,None",1791230837.2776,1791230849.2928612
hk-a,full,realm-v6-udp-1200-500M-r1,6.1.0-53-cloud-amd64,"0,1",realm,,udp,6,1,False,1,10,2,500M,1200,500.0,499.99262996241276,False,349.25179752545324,,,30.13786205347458,34.991350228388534,30.13786205347458,"backend local JSON, warmup excluded",520883,156983,436680000,True,520810,0.00742517780490676,42.82389449185415,1.59787048169713,0.3288369830998474,2.8089805420837664,,,0,"None,None",1791230850.3993037,1791230862.418617
hk-a,full,jool300-v6-udp-1200-500M-r1,6.1.0-53-cloud-amd64,"0,1",jool300,,udp,6,1,False,1,10,2,500M,1200,500.0,291.206081633449,True,262.0485648662343,,,10.041292219069557,11.724215231853576,10.041292219069557,"backend local JSON, warmup excluded",303447,30470,327572400,True,303338,0.03882882405085782,35.69776407093292,1.2825720774324623,0.7156457218755583,2.043013290093054,,,0,"None,None",1791230863.6043022,1791230875.6192322
hk-a,full,jooloff-v6-udp-128-50M-r1,6.1.0-53-cloud-amd64,"0,1",jooloff,,udp,6,1,False,1,10,2,50M,128,50.0,33.819814657647846,True,33.793074759446924,,,0.076603294850018,0.07660375873146598,0.076603294850018,"backend local JSON, warmup excluded",330273,253,42242560,True,330271,0.019419695524214492,36.678109321362555,1.3381075761727996,0.6651311691870749,3.0336455816039263,,,0,"None,None",1791230876.7726696,1791230888.7874649
hk-a,full,realm-v6-udp-128-50M-r1,6.1.0-53-cloud-amd64,"0,1",realm,,udp,6,1,False,1,10,2,50M,128,50.0,50.00188530293754,False,48.47330312544484,,,3.0131919312323734,3.157045341438089,3.0131919312323734,"backend local JSON, warmup excluded",488253,14712,60613248,True,488218,0.00675232311078375,40.18716577540107,1.507446215217862,0.3140335798127456,4.070453307788705,,,0,"None,None",1791230889.9397206,1791230901.9590976
hk-a,full,jool300-v6-udp-128-50M-r1,6.1.0-53-cloud-amd64,"0,1",jool300,,udp,6,1,False,1,10,2,50M,128,50.0,31.97147187162342,True,31.94862747741162,,,0.0711032534542729,0.0711037089231952,0.0711032534542729,"backend local JSON, warmup excluded",312222,222,39936000,True,312220,0.015053046349058047,36.50170201623462,1.3441192576817766,0.7111712808031639,3.4545177973836325,,,0,"None,None",1791230903.1339035,1791230915.1493623
hk-a,full,jooloff-v4-udp-1200-100M-r1,6.1.0-53-cloud-amd64,"0,1",jooloff,,udp,4,1,False,1,10,2,100M,1200,100.0,100.00066000224399,False,99.9986300231526,,,0,0,0,"backend local JSON, warmup excluded",104167,0,125000400,True,104167,0.0196467299956837,31.022530329289427,0.9725615541259777,0.515732748646272,0.45662285370481787,,,0,"None,None",1791230916.325568,1791230928.3412678
hk-a,full,realm-v4-udp-1200-100M-r1,6.1.0-53-cloud-amd64,"0,1",realm,,udp,4,1,False,1,10,2,100M,1200,100.0,100.000750003225,False,99.96440279007753,,,0,0,0,"backend local JSON, warmup excluded",104167,0,125000400,True,104167,0.015983886995895064,5.298398835516739,0.11691219841272645,0.026551688818092237,0.8636583582632529,,,0,"None,None",1791230929.47883,1791230941.4991665
hk-a,full,jool300-v4-udp-1200-100M-r1,6.1.0-53-cloud-amd64,"0,1",jool300,,udp,4,1,False,1,10,2,100M,1200,100.0,100.00076000334403,False,99.99886001664375,,,0,0,0,"backend local JSON, warmup excluded",104167,0,125000400,True,104167,0.02596865512003011,13.920609026644916,0.47418240690771724,0.23241500269832704,0.8131408526713437,,,0,"None,None",1791230942.6856215,1791230954.7031438
hk-a,full,jooloff-v4-udp-1200-500M-r1,6.1.0-53-cloud-amd64,"0,1",jooloff,,udp,4,1,False,1,10,2,500M,1200,500.0,357.15242570854457,True,349.03187832584644,,,2.273698583743015,2.6089013369745775,2.273698583743015,"backend local JSON, warmup excluded",372037,8459,436293600,True,372034,0.010476830909006848,37.864583333333336,1.3673560324813445,0.6686888437558927,4.1233435943507155,,,0,"None,None",1791230955.9591238,1791230967.9733977
hk-a,full,realm-v4-udp-1200-500M-r1,6.1.0-53-cloud-amd64,"0,1",realm,,udp,4,1,False,1,10,2,500M,1200,500.0,500.02418002418,False,354.333507621526,,,29.146051717453968,34.12868766535217,29.146051717453968,"backend local JSON, warmup excluded",521062,151869,443031600,True,520813,0.006714029838705068,43.64296834457706,1.6358645991970096,0.30719691725506487,3.973995108219115,,,0,"None,None",1791230969.0658214,1791230981.0823233
hk-a,full,jool300-v4-udp-1200-500M-r1,6.1.0-53-cloud-amd64,"0,1",jool300,,udp,4,1,False,1,10,2,500M,1200,500.0,335.0540984513114,True,271.8944107606237,,,18.818968259198872,24.317006432388293,18.818968259198872,"backend local JSON, warmup excluded",348983,65675,339969600,True,348841,0.038741124922696074,35.20225294418843,1.2557677846292676,0.7038351631824336,2.411223074480707,,,0,"None,None",1791230982.2458658,1791230994.2614167
hk-a,full,jooloff-v4-udp-128-50M-r1,6.1.0-53-cloud-amd64,"0,1",jooloff,,udp,4,1,False,1,10,2,50M,128,50.0,38.5684886904181,True,38.4711712777469,,,0.25222488902104884,0.30638849211195657,0.25222488902104884,"backend local JSON, warmup excluded",376648,950,48089344,True,376646,0.01534953878559449,38.88173151249678,1.4109608963113272,0.6757765084716261,3.386932762908981,,,0,"None,None",1791230995.4362736,1791231007.4495087
hk-a,full,realm-v4-udp-128-50M-r1,6.1.0-53-cloud-amd64,"0,1",realm,,udp,4,1,False,1,10,2,50M,128,50.0,50.0020000032,False,46.11033018035121,,,7.76368197409512,9.243702641818555,7.76368197409512,"backend local JSON, warmup excluded",488325,37912,57652864,True,488300,0.00869433835766475,45.751633986928105,1.5887426116886965,0.3117426540083793,4.084554726403249,,,0,"None,None",1791231008.578043,1791231020.620012
hk-a,full,jool300-v4-udp-128-50M-r1,6.1.0-53-cloud-amd64,"0,1",jool300,,udp,4,1,False,1,10,2,50M,128,50.0,34.58913348370022,True,34.53732900273596,,,0.14950161195302392,0.1663785140800038,0.14950161195302392,"backend local JSON, warmup excluded",337789,505,43172352,True,337784,0.023660691507287307,36.93834900731452,1.3532006742090774,0.7282331114263887,3.478239780760789,,,0,"None,None",1791231021.8017023,1791231033.818675
hk-a,offloads,joolgro-v6-p4-fwd-r1,6.1.0-53-cloud-amd64,"0,1",joolgro,gro,tcp,6,4,False,1,20,3,,,,9203.895628375602,False,9145.48991326428,1428,15029,,,,,,,,,,,39.78816199376947,1.4369867775148635,0.8515953142532905,2.023396295528319,1.119312015362084,1.3904490042477846,0,"bbr,bbr",1791231124.7617342,1791231147.800625
hk-a,offloads,joolgro-v4-p4-fwd-r1,6.1.0-53-cloud-amd64,"0,1",joolgro,gro,tcp,4,4,False,1,20,3,,,,9006.561275267955,False,9033.949104327823,1428,19597,,,,,,,,,,,43.53571873831193,1.5691200272853498,0.9188528245987924,4.671430503083728,1.6387540381401777,0.9308709995821118,0,"bbr,bbr",1791231149.0185556,1791231172.0808682
hk-a,offloads,joolgro-v6-p4-fwd-r2,6.1.0-53-cloud-amd64,"0,1",joolgro,gro,tcp,6,4,False,2,20,3,,,,7692.5208483284505,False,7679.0983970906045,1428,3259,,,,,,,,,,,37.83013019218847,1.3549462570081128,0.8395332003579427,1.7850324551355479,0.5475530633702874,0.747538055293262,0,"bbr,bbr",1791231173.2251313,1791231196.2601206
hk-a,offloads,joolgro-v4-p4-fwd-r2,6.1.0-53-cloud-amd64,"0,1",joolgro,gro,tcp,4,4,False,2,20,3,,,,8166.333978685237,False,8130.5678189621,1428,9583,,,,,,,,,,,39.84365305869215,1.4307389137847843,0.866390196804636,2.0085257580296028,3.146270988509059,1.685549970716238,0,"bbr,bbr",1791231197.453876,1791231220.485559
hk-a,offloads,joolgro-v6-p4-fwd-r3,6.1.0-53-cloud-amd64,"0,1",joolgro,gro,tcp,6,4,False,3,20,3,,,,8846.364059866159,False,8837.957809897891,1428,9408,,,,,,,,,,,40.195714108757585,1.4413338271909788,0.8443172565031938,3.0425893426695945,1.103743095882237,1.2234370224177837,0,"bbr,bbr",1791231221.7037902,1791231244.7341585
hk-a,offloads,joolgro-v4-p4-fwd-r3,6.1.0-53-cloud-amd64,"0,1",joolgro,gro,tcp,4,4,False,3,20,3,,,,9072.99716613459,False,9016.669887181966,1428,11005,,,,,,,,,,,39.85363433391218,1.4231557113168412,0.8483680890560086,1.9906203133760334,1.0113309836015105,1.128590083681047,0,"bbr,bbr",1791231245.9192119,1791231268.950569
hk-a,offloads,joolvethgro-v6-p4-fwd-r1,6.1.0-53-cloud-amd64,"0,1",joolvethgro,joolgro,tcp,6,4,False,1,20,3,,,,9007.376829259634,False,9004.473347264802,1428,15004,,,,,,,,,,,39.534595865824976,1.42413263243821,0.8525835783955331,2.2821309653752095,4.112717928364873,2.054712036624551,0,"bbr,bbr",1791231270.1611025,1791231293.193033
hk-a,offloads,joolvethgro-v4-p4-fwd-r1,6.1.0-53-cloud-amd64,"0,1",joolvethgro,joolgro,tcp,4,4,False,1,20,3,,,,8682.069607683621,False,8676.740917036095,1428,5168,,,,,,,,,,,38.214818498259575,1.3711672628368345,0.8085743016271877,1.5608896996465176,1.8948729848489165,0.8491670014336705,0,"bbr,bbr",1791231294.344595,1791231317.3763645
hk-a,offloads,joolvethgro-v6-p4-fwd-r2,6.1.0-53-cloud-amd64,"0,1",joolvethgro,joolgro,tcp,6,4,False,2,20,3,,,,8600.01271139748,False,8580.870692988734,1428,6338,,,,,,,,,,,39.33142786131478,1.4217905495403231,0.8576082001858836,1.8374742732882239,2.342698979191482,10.370207019150257,0,"bbr,bbr",1791231318.5525947,1791231341.587877
hk-a,offloads,joolvethgro-v4-p4-fwd-r2,6.1.0-53-cloud-amd64,"0,1",joolvethgro,joolgro,tcp,4,4,False,2,20,3,,,,8570.576217708223,False,8521.869902736109,1428,17333,,,,,,,,,,,39.98261085579431,1.4409383181207103,0.8605177893346542,2.5031177032477183,0.8075290825217962,0.6791399791836739,0,"bbr,bbr",1791231342.7465937,1791231365.7756429
hk-a,offloads,joolvethgro-v6-p4-fwd-r3,6.1.0-53-cloud-amd64,"0,1",joolvethgro,joolgro,tcp,6,4,False,3,20,3,,,,8782.901998721696,False,8769.76920588055,1428,9432,,,,,,,,,,,40.29386128751089,1.4415746897581914,0.8581246655912546,2.1440448888420356,1.701580942608416,1.5415429370477796,0,"bbr,bbr",1791231366.9183187,1791231389.947255
hk-a,offloads,joolvethgro-v4-p4-fwd-r3,6.1.0-53-cloud-amd64,"0,1",joolvethgro,joolgro,tcp,4,4,False,3,20,3,,,,8155.292908001028,False,8147.9011202498305,1428,5038,,,,,,,,,,,38.492162229410305,1.3900918921837646,0.8555174580422842,1.4861057250990344,1.3388830702751875,0.7135840132832527,0,"bbr,bbr",1791231391.1372488,1791231414.1681643
hk-a,offloads,joolalloff-v6-p1-fwd-r1,6.1.0-53-cloud-amd64,"0,1",joolalloff,alloff,tcp,6,1,False,1,20,3,,,,681.5846237693565,False,680.8689273725698,1428,22451,,,,,,,,,,,38.66700585092852,1.4165677657933278,1.293126726131071,2.265370280800716,10.826079989783466,8.305847994051874,0,"bbr,bbr",1791231415.3205254,1791231438.3576887
hk-a,offloads,joolalloff-v4-p1-fwd-r1,6.1.0-53-cloud-amd64,"0,1",joolalloff,alloff,tcp,4,1,False,1,20,3,,,,727.2431264613307,False,726.5395546645184,1428,16348,,,,,,,,,,,38.85496183206107,1.417915619385687,1.299623739189562,2.5014718054218923,9.864742052741349,11.678562965244055,0,"bbr,bbr",1791231439.5779815,1791231462.5995104
