batch,label,protocol,parallel,reverse,duration,warmup,mbps,retransmits,loss_percent,hk_cpu,tw_cpu,sender_cc,receiver_cc,eligible,excluded_reason,start,finish,loss_source
wan-comparison,direct-v4,tcp,4,False,4,1,1893.7196981699083,76697,,39.04717813051146,34.6295470498369,bbr,bbr,True,,1791215899.602159,1791215904.7506096,
wan-comparison,direct-v6,tcp,4,False,4,1,1749.6043821258331,85354,,43.3773141919069,31.54955551694682,bbr,bbr,True,,1791215906.9890885,1791215912.148459,
wan-comparison,tcp-v6-realm-p1-forward-r1,tcp,1,False,4,1,1655.9105833569686,31637,,37.00687722547626,41.44641062998551,bbr,bbr,True,,1791215914.3751981,1791215919.5754085,
wan-comparison,tcp-v6-jool-p1-forward-r1,tcp,1,False,4,1,263.7293288417795,61337,,8.559959648194942,13.5380746467703,bbr,bbr,True,,1791215921.7358663,1791215926.9295435,
wan-comparison,tcp-v6-realm-p1-reverse-r1,tcp,1,True,4,1,1304.926232926233,30697,,30.687796526671207,34.729435665426,bbr,bbr,True,,1791215929.1362484,1791215934.3375754,
wan-comparison,tcp-v6-jool-p1-reverse-r1,tcp,1,True,4,1,593.4530988902856,192479,,19.799421877202647,27.66223269484139,bbr,bbr,True,,1791215936.4715424,1791215941.7322373,
wan-comparison,tcp-v6-realm-p4-forward-r1,tcp,4,False,4,1,1841.3238137437957,83062,,51.25111573447244,64.74861053242695,bbr,bbr,True,,1791215943.848592,1791215948.5860965,
wan-comparison,tcp-v6-jool-p4-forward-r1,tcp,4,False,4,1,1028.721988667176,93465,,44.77461365965521,56.19807042690338,bbr,bbr,True,,1791215950.7003589,1791215956.208632,
wan-comparison,tcp-v6-realm-p4-reverse-r1,tcp,4,True,4,1,1847.5432323513512,81098,,57.78222199321944,57.30499893859881,bbr,bbr,True,,1791215958.0803864,1791215963.3387794,
wan-comparison,tcp-v6-jool-p4-reverse-r1,tcp,4,True,4,1,957.633186371062,92902,,36.24889859209755,43.3848770794423,bbr,bbr,True,,1791215965.481098,1791215971.2619607,
wan-comparison,tcp-v4-realm-p1-forward-r1,tcp,1,False,4,1,1443.233722901341,34683,,32.596880617475584,44.172301357646184,bbr,bbr,True,,1791215972.89949,1791215978.5372207,
wan-comparison,tcp-v4-jool-p1-forward-r1,tcp,1,False,4,1,340.0274388343685,195815,,26.170017159719677,26.462546665232086,bbr,bbr,True,,1791215980.2986045,1791215985.4969037,
wan-comparison,tcp-v4-realm-p1-reverse-r1,tcp,1,True,4,1,1490.096805072125,36805,,36.82046777698952,38.89533994364912,bbr,bbr,True,,1791215987.6921978,1791215992.9043138,
wan-comparison,tcp-v4-jool-p1-reverse-r1,tcp,1,True,4,1,15.745360244063601,5613,,5.622083357781299,7.6265557055030735,bbr,bbr,True,,1791215995.0569813,1791216000.4362562,
wan-comparison,tcp-v4-realm-p4-forward-r1,tcp,4,False,4,1,1663.2154077067814,79465,,53.92055886500331,98.91975308641975,bbr,bbr,True,,1791216002.457891,1791216007.713616,
wan-comparison,tcp-v4-jool-p4-forward-r1,tcp,4,False,4,1,24.93083347261091,4779,,5.487629922412531,8.97327618242161,bbr,bbr,True,,1791216009.8567533,1791216015.1324987,
wan-comparison,tcp-v4-realm-p4-reverse-r1,tcp,4,True,4,1,1612.385987588224,75823,,57.3071652343683,57.48687164561528,bbr,bbr,True,,1791216017.2079952,1791216022.6736755,
wan-comparison,tcp-v4-jool-p4-reverse-r1,tcp,4,True,4,1,1153.0264678884973,139409,,43.742262119319314,56.18599918599919,bbr,bbr,True,,1791216024.6229746,1791216030.1190307,
wan-comparison,tcp-v6-jool-p1-forward-r2,tcp,1,False,4,1,492.63196751935146,43351,,16.130279402209226,23.450158403056953,bbr,bbr,True,,1791216032.0059412,1791216037.2079897,
wan-comparison,tcp-v6-realm-p1-forward-r2,tcp,1,False,4,1,1478.1128349865476,39193,,38.53198452111496,36.45170605919398,bbr,bbr,True,,1791216039.3876624,1791216044.6343684,
wan-comparison,tcp-v6-jool-p1-reverse-r2,tcp,1,True,4,1,0.6540521242413424,1788,,3.187202491550318,3.866511560273375,bbr,bbr,True,,1791216046.763674,1791216054.615075,
wan-comparison,tcp-v6-realm-p1-reverse-r2,tcp,1,True,4,1,1539.8342710997442,33354,,34.80570436005218,35.440833142523964,bbr,bbr,True,,1791216055.1488929,1791216060.360478,
wan-comparison,tcp-v6-jool-p4-forward-r2,tcp,4,False,4,1,1210.1059353076039,130331,,46.79317662390754,59.34847921804444,bbr,bbr,True,,1791216062.507649,1791216067.7824807,
wan-comparison,tcp-v6-realm-p4-forward-r2,tcp,4,False,4,1,1756.2764146830627,84968,,56.472719879808004,55.887750576864356,bbr,bbr,True,,1791216069.910951,1791216075.1558282,
wan-comparison,tcp-v6-jool-p4-reverse-r2,tcp,4,True,4,1,801.6128412199159,134048,,35.01552425721401,43.9516165730164,bbr,bbr,True,,1791216077.272172,1791216082.625175,
wan-comparison,tcp-v6-realm-p4-reverse-r2,tcp,4,True,4,1,1783.1242812905796,92128,,58.002115395293806,60.127513522441056,bbr,bbr,True,,1791216084.6571028,1791216089.9433086,
wan-comparison,tcp-v4-jool-p1-forward-r2,tcp,1,False,4,1,9.19065404687875,18738,,5.387984564455153,5.1006031006031005,bbr,bbr,True,,1791216092.059982,1791216097.2579725,
wan-comparison,tcp-v4-realm-p1-forward-r2,tcp,1,False,4,1,1456.38974319822,36720,,38.12650820659974,42.17092878305693,bbr,bbr,True,,1791216099.4071052,1791216104.819547,
wan-comparison,tcp-v4-jool-p1-reverse-r2,tcp,1,True,4,1,170.9205178410357,31112,,8.638922436203362,11.178330123982297,bbr,bbr,True,,1791216106.7960248,1791216112.3675191,
wan-comparison,tcp-v4-realm-p1-reverse-r2,tcp,1,True,4,1,1227.2007444303356,24455,,34.82540023204985,39.66372114198201,bbr,bbr,True,,1791216114.1703668,1791216119.3823104,
wan-comparison,tcp-v4-jool-p4-forward-r2,tcp,4,False,4,1,994.8091929141533,90956,,32.31932949968954,48.08674703052514,bbr,bbr,True,,1791216121.5058799,1791216126.7854717,
wan-comparison,tcp-v4-realm-p4-forward-r2,tcp,4,False,4,1,1843.0075263441884,93427,,50.853977358607395,55.690646553673375,bbr,bbr,True,,1791216128.8689132,1791216134.1188047,
wan-comparison,tcp-v4-jool-p4-reverse-r2,tcp,4,True,4,1,862.24350285777,164930,,36.28258395666832,44.39891362334489,bbr,bbr,True,,1791216136.2380505,1791216143.1316428,
wan-comparison,tcp-v4-realm-p4-reverse-r2,tcp,4,True,4,1,1605.918238899372,84437,,45.873820286364015,52.925733731289284,bbr,bbr,True,,1791216143.6577067,1791216148.936475,
wan-comparison,udp-v6-realm-1200,udp,1,False,4,1,99.2857751225863,,0.7847937216502268,21.307355046804695,4.947811447811448,,,True,,1791216151.0323815,1791216156.205212,legacy client JSON; UDP warmup counter caveat
wan-comparison,udp-v6-jool-1200,udp,1,False,4,1,98.74446478198134,,2.023183814529484,7.50635042706654,28.042928892295876,,,True,,1791216158.4111419,1791216163.5781128,legacy client JSON; UDP warmup counter caveat
wan-comparison,udp-v6-realm-128,udp,1,False,4,1,46.7893546289097,,8.02127812080812,56.438032303896335,80.24448699334374,,,True,,1791216165.780601,1791216170.9486253,legacy client JSON; UDP warmup counter caveat
wan-comparison,udp-v6-jool-128,udp,1,False,4,1,47.790182689753884,,7.719296494450211,46.87252041791684,66.9737006578925,,,True,,1791216173.1270738,1791216178.2967443,legacy client JSON; UDP warmup counter caveat
wan-comparison,udp-v4-realm-1200,udp,1,False,4,1,98.98539296681845,,1.4448231171698747,20.376422110721627,7.984712549929942,,,True,,1791216180.5056565,1791216185.7290146,legacy client JSON; UDP warmup counter caveat
wan-comparison,udp-v4-jool-1200,udp,1,False,4,1,98.51098340661069,,2.510500420016801,7.007103297384627,5.51881622214103,,,True,,1791216187.9544246,1791216193.121415,legacy client JSON; UDP warmup counter caveat
wan-comparison,udp-v4-realm-128,udp,1,False,4,1,48.27157688707978,,5.13795945952865,57.18606755726431,64.99302415244445,,,True,,1791216195.2813258,1791216200.449331,legacy client JSON; UDP warmup counter caveat
wan-comparison,udp-v4-jool-128,udp,1,False,4,1,47.63619846528616,,5.51863608437436,29.55612582342686,70.29044041508509,,,True,,1791216202.6219027,1791216207.7883883,legacy client JSON; UDP warmup counter caveat
wan-comparison,fixed-v6-jool-forward,tcp,1,False,8,2,100.01559369504027,4497,,4.285708749903123,13.840019954470083,bbr,bbr,True,,1791216984.7754054,1791216995.0634816,
wan-comparison,fixed-v6-realm-forward,tcp,1,False,8,2,99.97878102791265,1429,,7.3723122099081175,12.592363069345167,bbr,bbr,True,,1791216997.2084925,1791217007.4032562,
wan-comparison,fixed-v6-jool-reverse,tcp,1,True,8,2,99.50392607378745,662,,4.015306517864063,11.468997967079808,bbr,bbr,True,,1791217009.5727756,1791217019.7832644,
wan-comparison,fixed-v6-realm-reverse,tcp,1,True,8,2,99.66017154247857,813,,9.944689841748666,11.59806914218679,bbr,bbr,True,,1791217021.9586706,1791217032.1579285,
wan-comparison,fixed-v4-jool-forward,tcp,1,False,8,2,99.9414641147753,740,,3.1057282444750474,8.131983153722285,bbr,bbr,True,,1791217034.393898,1791217044.5868309,
wan-comparison,fixed-v4-realm-forward,tcp,1,False,8,2,99.94047630913248,357,,13.662400592420877,8.195280564845783,bbr,bbr,True,,1791217047.1453881,1791217057.3391767,
wan-comparison,fixed-v4-jool-reverse,tcp,1,True,8,2,100.00892756137698,664,,4.67104102206404,14.350470517137184,bbr,bbr,True,,1791217059.8748643,1791217070.0726585,
wan-comparison,fixed-v4-realm-reverse,tcp,1,True,8,2,100.008648561621,881,,10.191598524931859,14.896169616118465,bbr,bbr,True,,1791217072.9984732,1791217083.1975708,
wan-comparison,long-v6-realm-p1-forward,tcp,1,False,15,3,1477.510470022018,138744,,34.834339762254835,39.58900037071435,bbr,bbr,True,,1791217085.538204,1791217103.743314,
wan-comparison,long-v6-jool-p1-forward,tcp,1,False,15,3,60.988284525789794,145570,,7.631884283707565,9.61039790036985,bbr,bbr,True,,1791217105.9611368,1791217124.1602075,
wan-comparison,long-v6-realm-p1-reverse,tcp,1,True,15,3,1480.0654055905952,129458,,36.9868378368022,41.83929210545741,bbr,bbr,True,,1791217126.4550502,1791217144.6647298,
wan-comparison,long-v6-jool-p1-reverse,tcp,1,True,15,3,175.7459255196546,244962,,9.551284427831588,11.87576342415052,bbr,bbr,True,,1791217146.9280124,1791217165.1445982,
wan-comparison,long-v4-realm-p4-forward,tcp,4,False,15,3,1788.6369170943253,303420,,53.05990919084984,58.09889647143601,bbr,bbr,True,,1791217167.3787105,1791217185.620289,
wan-comparison,long-v4-jool-p4-forward,tcp,4,False,15,3,337.2757269980384,74791,,12.23855318590285,16.456175346392737,bbr,bbr,True,,1791217187.9388828,1791217205.857153,
wan-comparison,long-v4-realm-p4-reverse,tcp,4,True,15,3,1888.1547470380594,330801,,48.79543486048567,53.46324618041141,bbr,bbr,True,,1791217208.056007,1791217226.5530624,
wan-comparison,long-v4-jool-p4-reverse,tcp,4,True,15,3,373.1820057164392,130316,,15.05067609882882,19.229739897245988,bbr,bbr,True,,1791217228.5422254,1791217247.4054377,
wan-optimization,base-v6-jool-p4-fwd-r1,tcp,4,False,30,3,520.845068464384,339668,,35.3633032745812,39.50767357222463,bbr,bbr,True,,1791220973.0982275,1791221009.1764646,
wan-optimization,base-v6-realm-p4-fwd-r1,tcp,4,False,30,3,1222.2716352539594,532205,,53.811607864905596,55.4267274569293,bbr,bbr,True,,1791221013.2934935,1791221046.5363648,
wan-optimization,base-v6-jool-p1-fwd-r1,tcp,1,False,30,3,338.3647768211502,202427,,12.776622965075786,15.522426036437514,bbr,bbr,True,,1791221053.4762695,1791221087.7711618,
wan-optimization,base-v6-jool-p4-rev-r1,tcp,4,True,30,3,384.280946566909,275887,,22.254769245993486,28.432879611387918,bbr,bbr,True,,1791221094.3628411,1791221127.9473355,
wan-optimization,gso-off-v6-p4-fwd-r1,tcp,4,False,30,3,123.61207051840366,195124,,8.69667583729308,12.933690393057022,bbr,bbr,True,,1791221151.5337183,1791221184.814855,
wan-optimization,tso-off-v6-p4-fwd-r1,tcp,4,False,30,3,507.04332112915074,434692,,60.77129631326465,33.79707003179262,bbr,bbr,True,,1791221193.5784512,1791221226.9528332,
wan-optimization,all-off-v6-p4-fwd-r1,tcp,4,False,30,3,247.06512939883194,104012,,29.012677494282038,19.012240175283655,bbr,bbr,True,,1791221236.9713864,1791221270.2563,
wan-optimization,gro-on-v6-p4-fwd-r1,tcp,4,False,30,3,590.7231418755265,281691,,37.65023536740606,43.22203210867807,bbr,bbr,True,,1791221280.8642914,1791221316.4244936,
wan-optimization,base-v6-jool-p4-fwd-r2,tcp,4,False,30,3,505.37838842350965,321361,,30.469731294600162,35.13127188351766,bbr,bbr,True,,1791221324.2692516,1791221357.5498042,
wan-optimization,mss1280-v6-p4-fwd-r1,tcp,4,False,30,3,398.6351101628624,301157,,25.515574748734107,29.736477300325298,bbr,bbr,True,,1791221368.3077297,1791221403.6063793,
wan-optimization,cubic-v6-p4-fwd-r1,tcp,4,False,30,3,14.663858610319839,910,,2.8753236223591956,7.863576828651668,cubic,cubic,True,,1791221409.3027387,1791221442.582529,
wan-optimization,paced1g-v6-p4-fwd-r1,tcp,4,False,30,3,785.3641912713285,296400,,35.990381540607984,47.35860523752234,bbr,cubic,False,iperf server retained CUBIC; congestion algorithms differ,1791221448.4848673,1791221481.7409658,
wan-optimization,paced1g-v6-p4-rev-r1,tcp,4,True,30,3,17.09642187475208,846,,3.444428937657733,35.9557208783263,cubic,bbr,False,iperf server retained CUBIC; congestion algorithms differ,1791221488.4729517,1791221521.8952405,
wan-optimization,fq1g-v6-p4-fwd-r1,tcp,4,False,30,3,911.2794778261887,119695,,43.05111389550169,49.712473313347054,bbr,cubic,False,iperf server retained CUBIC; congestion algorithms differ,1791221529.1151838,1791221562.399592,
wan-optimization,fq1g-v6-p4-rev-r1,tcp,4,True,30,3,18.677109428835973,828,,3.766958978826406,8.450498829329906,cubic,bbr,False,iperf server retained CUBIC; congestion algorithms differ,1791221568.325712,1791221601.7274039,
wan-optimization,veth-fq-v6-p4-fwd-r1,tcp,4,False,30,3,283.1373449914065,279536,,20.172266071288014,24.464326472345004,bbr,bbr,True,,1791221640.8154438,1791221674.0965612,
wan-optimization,veth-fq250-v6-p4-fwd-r1,tcp,4,False,30,3,798.4048045961687,221576,,59.99072484048536,50.34816348060552,bbr,bbr,True,,1791221684.529414,1791221717.8189828,
wan-optimization,veth-tbf1200-v6-p4-fwd-r1,tcp,4,False,30,3,368.85319531615664,304424,,24.800405749676305,28.660395958139944,bbr,bbr,True,,1791221728.7339287,1791221763.0635247,
wan-optimization,veth-tbf1200-v6-p4-rev-r1,tcp,4,True,30,3,479.43781057860514,311529,,31.44223520431947,32.95269007559319,bbr,bbr,True,,1791221770.5388994,1791221806.1006815,
wan-optimization,base-v6-jool-p4-fwd-r3,tcp,4,False,30,3,430.17643143241673,285226,,24.328176301179752,30.56967860458533,bbr,bbr,True,,1791221815.8025067,1791221849.0819414,
wan-optimization,fq1200-v6-p4-fwd-r2,tcp,4,False,30,3,1149.429859810253,32576,,35.08880993509916,53.03428313341978,bbr,bbr,True,,1791225952.760601,1791225986.0445433,
wan-optimization,fq1200-v6-p4-rev-r2,tcp,4,True,30,3,181.21743703642068,144015,,6.267114992374329,11.109680615991977,bbr,bbr,True,,1791225994.7304122,1791226028.577318,
wan-optimization,nsfq300-v6-p4-fwd-r1,tcp,4,False,30,3,1096.347785265896,79026,,50.30523234990567,55.557465483578646,bbr,bbr,True,,1791226039.2609594,1791226072.5472279,
wan-optimization,nsfq500-v6-p4-fwd-r1,tcp,4,False,30,3,881.2869316906445,637843,,36.991164731486776,45.770009579407166,bbr,bbr,True,,1791226082.3295739,1791226115.843566,
wan-optimization,nsfq500-v6-p4-rev-r1,tcp,4,True,30,3,814.7463690709881,526893,,35.11593392057213,41.009433298740255,bbr,bbr,True,,1791226123.5517383,1791226157.4299703,
wan-optimization,base-v4-jool-p4-fwd-r1,tcp,4,False,30,3,53.84527554011048,133506,,5.378676092658073,8.301455058760832,bbr,bbr,True,,1791226166.1671617,1791226199.4460683,
wan-optimization,base-v4-jool-p4-rev-r1,tcp,4,True,30,3,159.2140894996928,159569,,6.0160186606890065,12.226174566174565,bbr,bbr,True,,1791226207.7837095,1791226241.8582032,
wan-optimization,base-v6-jool-p4-fwd-r4,tcp,4,False,30,3,412.2114253470215,460853,,12.335725368660015,23.114397427488832,bbr,bbr,True,,1791226282.0725086,1791226315.3631425,
wan-optimization,nsfq300-v6-p4-fwd-r2,tcp,4,False,30,3,1116.3512685425621,26826,,50.07296162274391,59.27407074170056,bbr,bbr,True,,1791226326.1936462,1791226358.4829729,
wan-optimization,nsfq300-v6-p4-rev-r1,tcp,4,True,30,3,1095.9808930329111,43604,,45.93278032788317,56.124694219081185,bbr,bbr,True,,1791226364.647611,1791226397.9382432,
wan-optimization,nsfq300-v4-p4-fwd-r1,tcp,4,False,30,3,1092.974007408129,27499,,49.313105306809064,55.85927561653402,bbr,bbr,True,,1791226405.354593,1791226438.6446302,
wan-optimization,nsfq300-v4-p4-rev-r1,tcp,4,True,30,3,1107.8266038138554,37736,,47.707613960484025,55.52780679071017,bbr,bbr,True,,1791226444.8289566,1791226478.1208777,
wan-optimization,nsfq300-v6-p1-fwd-r1,tcp,1,False,30,3,275.6271203171387,2828,,7.280023126950903,20.274395100752415,bbr,bbr,True,,1791226485.5070403,1791226518.7085526,
wan-optimization,nsfq300-v6-p4-fwd-r3,tcp,4,False,30,3,1114.6463628223785,22225,,48.07635893703178,55.24628809970412,bbr,bbr,True,,1791226526.1449065,1791226559.43256,
wan-optimization,fq1200-v6-p4-fwd-r3,tcp,4,False,30,3,1154.9030986922683,24789,,34.4283910684856,54.507245410717594,bbr,bbr,True,,1791226570.064666,1791226603.3483157,
wan-optimization,base-v6-jool-p4-fwd-r5,tcp,4,False,30,3,390.92214931356955,25790,,7.262974919650465,17.17142916443676,bbr,bbr,True,,1791226610.4454403,1791226643.7250087,
wan-optimization,integrated-v6-p4-fwd-r1,tcp,4,False,30,3,1120.196636520189,24849,,48.026402675047,57.809739927406504,bbr,bbr,True,,1791226870.686621,1791226903.9790795,
wan-optimization,integrated-v6-p4-rev-r1,tcp,4,True,30,3,1097.5721013755551,17846,,45.18766309686612,57.344751514860675,bbr,bbr,True,,1791226911.3749576,1791226944.658232,
wan-optimization,integrated-v4-p4-fwd-r1,tcp,4,False,30,3,1096.0346516652792,11766,,46.53533797850681,55.58788235202078,bbr,bbr,True,,1791226950.7374055,1791226984.0293257,
wan-optimization,integrated-v4-p4-rev-r1,tcp,4,True,30,3,1116.1271679036624,13853,,48.242968297012155,59.25088690553704,bbr,bbr,True,,1791226989.647435,1791227022.935238,
wan-optimization,integrated-udp-v6-100m,udp,1,False,30,3,99.9791650791807,,0.02784,7.8550690173049835,29.830062333232235,,,True,,1791227028.7338138,1791227061.9017856,legacy client JSON; UDP warmup counter caveat
wan-optimization,integrated-udp-v4-100m,udp,1,False,30,3,99.9603382422904,,0.05344,11.150069225638942,28.022724949984728,,,True,,1791227070.5934186,1791227103.7615778,legacy client JSON; UDP warmup counter caveat
wan-optimization,base-v4-jool-p4-fwd-r2,tcp,4,False,30,3,211.88542559492328,46032,,4.847726550403351,11.495411309737753,bbr,bbr,True,,1791227332.3066206,1791227365.58813,
wan-optimization,base-v4-jool-p4-rev-r2,tcp,4,True,30,3,790.554654493242,72134,,12.162120582344672,31.244260726027907,bbr,bbr,True,,1791227373.4880195,1791227407.3551033,
