host,phase,direction,protocol,samples_per_condition,nft_median_ms,jool_median_ms,observed_path_delta_ms,nft_p95_ms,jool_p95_ms,source,source_sha256
hk-a,smoke,v4->v6,tcp,30,0.4406134830787778,0.5463215056806803,0.10570802260190248,0.9378029499202967,0.9507370414212346,hk-a/results/smoke/idle-latency.json,aea6015610bcce268d6bedd1ee42507041791ff43f5e721965fc7eac80f0f7d0
hk-a,smoke,v4->v6,udp,30,0.3652980667538941,0.48437551595270634,0.11907744919881225,0.6254289764910936,0.6942470790818334,hk-a/results/smoke/idle-latency.json,aea6015610bcce268d6bedd1ee42507041791ff43f5e721965fc7eac80f0f7d0
hk-a,smoke,v6->v4,tcp,30,0.3638549824245274,0.5720944609493017,0.2082394785247743,0.7923520170152187,0.8506589801982045,hk-a/results/smoke/idle-latency.json,aea6015610bcce268d6bedd1ee42507041791ff43f5e721965fc7eac80f0f7d0
hk-a,smoke,v6->v4,udp,30,0.3998879110440612,0.5137805128470063,0.11389260180294514,0.6435529794543982,0.6986449006944895,hk-a/results/smoke/idle-latency.json,aea6015610bcce268d6bedd1ee42507041791ff43f5e721965fc7eac80f0f7d0
hk-a,full,v4->v6,tcp,30,0.3510459791868925,0.5758560146205127,0.22481003543362021,0.49814104568213224,1.0790179949253798,hk-a/results/full/idle-latency.json,918c12dd736ea1ca0507107651fcc7ffff5c2e37818dc83541e45635b9fa51cb
hk-a,full,v4->v6,udp,30,0.3456315607763827,0.5744335358031094,0.22880197502672672,0.5049940664321184,1.0296839755028486,hk-a/results/full/idle-latency.json,918c12dd736ea1ca0507107651fcc7ffff5c2e37818dc83541e45635b9fa51cb
hk-a,full,v6->v4,tcp,30,0.3737185033969581,0.5650760722346604,0.19135756883770227,0.55323401466012,0.9147600503638387,hk-a/results/full/idle-latency.json,918c12dd736ea1ca0507107651fcc7ffff5c2e37818dc83541e45635b9fa51cb
hk-a,full,v6->v4,udp,30,0.35648600896820426,0.4454620066098869,0.08897599764168262,0.5574719980359077,0.624797074124217,hk-a/results/full/idle-latency.json,918c12dd736ea1ca0507107651fcc7ffff5c2e37818dc83541e45635b9fa51cb
hk-a,offloads,v4->v6,tcp,30,0.4361404571682215,0.4866149974986911,0.05047454033046961,0.6886970950290561,0.7973109604790807,hk-a/results/offloads/idle-latency.json,a72c790999bca03c6fea5cb454d511d85f0c01f9d5f6ccdc0bd06570189b32cb
hk-a,offloads,v4->v6,udp,30,0.3751009935513139,0.444356061052531,0.06925506750121713,0.5679919850081205,0.7218190003186464,hk-a/results/offloads/idle-latency.json,a72c790999bca03c6fea5cb454d511d85f0c01f9d5f6ccdc0bd06570189b32cb
hk-a,offloads,v6->v4,tcp,30,0.3310884931124747,0.5222519976086915,0.19116350449621677,0.791991944424808,0.8111870847642422,hk-a/results/offloads/idle-latency.json,a72c790999bca03c6fea5cb454d511d85f0c01f9d5f6ccdc0bd06570189b32cb
hk-a,offloads,v6->v4,udp,30,0.4008245305158198,0.528733478859067,0.12790894834324718,1.0299549903720617,0.7723039016127586,hk-a/results/offloads/idle-latency.json,a72c790999bca03c6fea5cb454d511d85f0c01f9d5f6ccdc0bd06570189b32cb
hk-a,fixed,v4->v6,tcp,30,0.3760834806598723,0.5389379803091288,0.16285449964925647,0.6286849966272712,0.9137480519711971,hk-a/results/fixed/idle-latency.json,0543bf6a322d22f769b5040d9de05b58831fe62de5ade05b48e4be94ddbba001
hk-a,fixed,v4->v6,udp,30,0.3533310373313725,0.512527534738183,0.15919649740681052,0.6589810363948345,0.7347939535975456,hk-a/results/fixed/idle-latency.json,0543bf6a322d22f769b5040d9de05b58831fe62de5ade05b48e4be94ddbba001
hk-a,fixed,v6->v4,tcp,30,0.27979398146271706,0.5254919524304569,0.24569797096773982,0.9414699161425233,0.7787760114297271,hk-a/results/fixed/idle-latency.json,0543bf6a322d22f769b5040d9de05b58831fe62de5ade05b48e4be94ddbba001
hk-a,fixed,v6->v4,udp,30,0.36916055250912905,0.5690285470336676,0.19986799452453852,0.5479339743033051,0.9630400454625487,hk-a/results/fixed/idle-latency.json,0543bf6a322d22f769b5040d9de05b58831fe62de5ade05b48e4be94ddbba001
hk-b,smoke,v4->v6,tcp,30,0.15599094331264496,0.22907694801688194,0.07308600470423698,0.2606017515063286,0.3034425899386406,hk-b/results/smoke/idle-latency.json,fb40b4604540f516af416259caac0bdba1c313c4ef2718fea7a4f9e7c6cbae1f
hk-b,smoke,v4->v6,udp,30,0.15806639567017555,0.23740692995488644,0.07934053428471088,0.2600918523967266,0.3052428364753723,hk-b/results/smoke/idle-latency.json,fb40b4604540f516af416259caac0bdba1c313c4ef2718fea7a4f9e7c6cbae1f
hk-b,smoke,v6->v4,tcp,30,0.15948154032230377,0.24966709315776825,0.09018555283546448,0.22058188915252686,0.3199423663318157,hk-b/results/smoke/idle-latency.json,fb40b4604540f516af416259caac0bdba1c313c4ef2718fea7a4f9e7c6cbae1f
hk-b,smoke,v6->v4,udp,30,0.1625965815037489,0.24495762772858143,0.08236104622483253,0.2116910181939602,0.32757315784692764,hk-b/results/smoke/idle-latency.json,fb40b4604540f516af416259caac0bdba1c313c4ef2718fea7a4f9e7c6cbae1f
hk-b,full,v4->v6,tcp,30,0.1575816422700882,0.22035627625882626,0.06277463398873806,0.23348163813352585,0.3351634368300438,hk-b/results/full/idle-latency.json,f08a54818e2111fce4b7268c9bed643f736c6cb6e4dc13b1209e93790c220029
hk-b,full,v4->v6,udp,30,0.15152106061577797,0.2225667703896761,0.07104570977389812,0.2048020251095295,0.2997131086885929,hk-b/results/full/idle-latency.json,f08a54818e2111fce4b7268c9bed643f736c6cb6e4dc13b1209e93790c220029
hk-b,full,v6->v4,tcp,30,0.15283143147826195,0.22875680588185787,0.07592537440359592,0.2130218781530857,0.346603337675333,hk-b/results/full/idle-latency.json,f08a54818e2111fce4b7268c9bed643f736c6cb6e4dc13b1209e93790c220029
hk-b,full,v6->v4,udp,30,0.15413668006658554,0.23980671539902687,0.08567003533244133,0.23804185912013054,0.31167175620794296,hk-b/results/full/idle-latency.json,f08a54818e2111fce4b7268c9bed643f736c6cb6e4dc13b1209e93790c220029
hk-b,offloads,v4->v6,tcp,30,0.15172106213867664,0.233327504247427,0.08160644210875034,0.26942184194922447,0.30537229031324387,hk-b/results/offloads/idle-latency.json,688828fc8aa640cdb61d137ee1c0a346ef43abbecea1b2d142106159875341f3
hk-b,offloads,v4->v6,udp,30,0.17385650426149368,0.23127207532525063,0.05741557106375694,0.23442227393388748,0.2914620563387871,hk-b/results/offloads/idle-latency.json,688828fc8aa640cdb61d137ee1c0a346ef43abbecea1b2d142106159875341f3
hk-b,offloads,v6->v4,tcp,30,0.1745771151036024,0.2583970781415701,0.08381996303796768,0.23262202739715576,0.3453129902482033,hk-b/results/offloads/idle-latency.json,688828fc8aa640cdb61d137ee1c0a346ef43abbecea1b2d142106159875341f3
hk-b,offloads,v6->v4,udp,30,0.1431661657989025,0.24630175903439522,0.1031355932354927,0.22720219567418098,0.3582430072128773,hk-b/results/offloads/idle-latency.json,688828fc8aa640cdb61d137ee1c0a346ef43abbecea1b2d142106159875341f3
hk-b,fixed,v4->v6,tcp,30,0.1538814976811409,0.2154218964278698,0.0615403987467289,0.30653318390250206,0.34144287928938866,hk-b/results/fixed/idle-latency.json,8b151fcc329194b673b14261f33a1fd6315326956ed6d6d43e24a951ad680113
hk-b,fixed,v4->v6,udp,30,0.17023668624460697,0.21221651695668697,0.04197983071208,0.3152526915073395,0.25363219901919365,hk-b/results/fixed/idle-latency.json,8b151fcc329194b673b14261f33a1fd6315326956ed6d6d43e24a951ad680113
hk-b,fixed,v6->v4,tcp,30,0.16416655853390694,0.23284205235540867,0.06867549382150173,0.21429266780614853,0.4111039452254772,hk-b/results/fixed/idle-latency.json,8b151fcc329194b673b14261f33a1fd6315326956ed6d6d43e24a951ad680113
hk-b,fixed,v6->v4,udp,30,0.1737065613269806,0.24681189097464085,0.07310532964766026,0.21737115457654,0.392744317650795,hk-b/results/fixed/idle-latency.json,8b151fcc329194b673b14261f33a1fd6315326956ed6d6d43e24a951ad680113
